id,likeNum,commentNum,reposts_count,region,content,contentLength,create_at,type,detailUrl,authorAvatar,authorName,authorDetail,isVip
5087700770884483,94,22,3, 河南,"#影视飓风下架视频变糊科普视频#
小电视的4K和油管的4K是同一个4K吗[doge] ​",69,2024-10-09,热门,https://weibo.com/5087700770884483/OANuR3I5R,"https://tvax2.sinaimg.cn/crop.0.0.512.512.180/c4b19641ly8gdiqwanv21j20e80e8mxp.jpg?KID=imgbed,tva&Expires=1728553786&ssig=dXGrVEyT%2Bp",赵奇怪,https://weibo.com/3299972673,1
5087594629303495,366,114,1, 湖北,新买的机车外套 留还是不留啊？ 纠结😐 ​,38,2024-10-09,热门,https://weibo.com/5087594629303495/OAKJED2gn,"https://tvax2.sinaimg.cn/crop.0.0.828.828.180/008mitc1ly8gt0g43r59nj30n00n0acw.jpg?KID=imgbed,tva&Expires=1728553786&ssig=3l2jASw%2Bdp",S0VERE1GN,https://weibo.com/7658544173,1
5087262207645101,587,88,5, 澳大利亚,眼尖的人发现SpaceX火箭的载荷上有一根很普通的束线带[笑cry][嘻嘻] ​,63,2024-10-08,热门,https://weibo.com/5087262207645101/OAC5uw4Q5,"https://tvax4.sinaimg.cn/crop.0.0.450.450.180/774cf065ly1fxfz76qusxj20ci0ci0tr.jpg?KID=imgbed,tva&Expires=1728553786&ssig=04QMYBPmaT",空警世界,https://weibo.com/2001530981,0
5087914083749016,969,53,36, 上海,这是高手#警方回应女子踩踹外卖小哥面部# ​,38,2024-10-10,热门,https://weibo.com/5087914083749016/OAT2UfJi0,"https://tvax2.sinaimg.cn/crop.0.0.996.996.180/007StLOuly8hc7cyelwxkj30ro0ro0u9.jpg?KID=imgbed,tva&Expires=1728553786&ssig=GoRsup34du",暴食症患者李舜生,https://weibo.com/7217947278,1
5087619865904153,161,132,65, 广东,"刚参加完 ColorOS 15 流畅技术沟通会，有些感受可以分享一下。

1、顺滑。是我今天下午提得最多的词，因为 ColorOS 15 这次的确做得很丝滑，尽管官方还是比较老实地用「媲美 iOS 效果」来形容它，但从我的个人主观感受看，它其实已经比 iOS 18 的动画效果更好，而对比同样状态下的 ColorOS 14，新系统 ​",1728,2024-10-09,热门,https://weibo.com/5087619865904153/OALomoLWh,"https://tvax4.sinaimg.cn/crop.0.0.1080.1080.180/671e069dly8hu2gsnlkjgj20u00u0q7y.jpg?KID=imgbed,tva&Expires=1728553786&ssig=7K2G70iaJh",陈文俊,https://weibo.com/1730021021,0
5078225718083643,2643,42,7, 四川,为了对称 我徒手为自己换了一双新鞋 ​,33,2024-09-13,热门,https://weibo.com/5078225718083643/OwP0vxUVl,"https://tvax2.sinaimg.cn/crop.0.0.1080.1080.180/bcc72334ly8hrv7qhp729j20u00u076y.jpg?KID=imgbed,tva&Expires=1728553786&ssig=Dt1jKCVF17",张冰火,https://weibo.com/3167167284,0
5085488289682849,11906,138,161, 四川,"#中方警告一场全面战争一触即发#
别的国家警告， 我：
哦，已阅[吃瓜]

中方警告，我： ​",81,2024-10-03,热门,https://weibo.com/5085488289682849/OzRWkECWZ,"https://tvax3.sinaimg.cn/crop.0.0.200.200.180/73147f29ly8hhv38z6b9qj205k05k0sl.jpg?KID=imgbed,tva&Expires=1728553786&ssig=fkOyJr1WgX",Jokielicious,https://weibo.com/1930723113,0
5087903635997489,364,8,32, 北京,"#东北雨姐售卖的粉条检测结果已出#这件事不单单是虚假宣传了，产品配料表都可以造假，以为的干净食品，实际是还是科技与狠活啊！

生产的产品标签配料表中原料与实际生产所使用的原料名称不一致，违反了《中华人民共和国食品安全法》第七十一条第一款“食品和食品添加剂的标签、说明书，不得含有虚假内 ​",432,2024-10-10,热门,https://weibo.com/5087903635997489/OASM3padH,"https://tvax2.sinaimg.cn/crop.0.0.512.512.180/b4590e3ely8fez02204wrj20e80e8t8s.jpg?KID=imgbed,tva&Expires=1728553786&ssig=MeCK8m9HAW",草莓大棚法考,https://weibo.com/3025735230,0
5087320263362383,659,37,47, 内蒙古,好喜欢这个一脚踢飞的运镜 http://t.cn/A6EjP61S ​,45,2024-10-08,热门,https://weibo.com/5087320263362383/OADB8e6HZ,"https://tvax1.sinaimg.cn/crop.0.0.1080.1080.180/007v1EGKly8hg4x60vn4bj30u00u0gn5.jpg?KID=imgbed,tva&Expires=1728553786&ssig=5rOMu9uNG%2F",快乐追星十级学渣,https://weibo.com/6871390978,0
5087528478578312,993,89,9, 广东,有一说一，小米的LOGO没白花钱。 ​,30,2024-10-09,热门,https://weibo.com/5087528478578312/OAJ0XzZBS,"https://tvax2.sinaimg.cn/crop.0.0.1080.1080.180/005znAECly8hn97syoqahj30u00u0dg6.jpg?KID=imgbed,tva&Expires=1728553786&ssig=PsqhNdDXgQ",路诞先生,https://weibo.com/5103458366,1
5087309652034374,133,105,5, 广东,"iPhone 13 Pro ，ProMotion，80Hz半残高刷。
因为安卓有120Hz高刷，但它不会说自适应刷新率更省能耗。

iPhone 14 Pro ，Dynamic island，屎上雕花。
因为安卓正面单孔更简洁，但它不会说Face ID、实时活动更高效。

iPhone 15 Pro Max，5倍四棱镜长焦，画质渣渣。
因为安卓各种优秀的潜望长焦，但它不 ​",485,2024-10-08,热门,https://weibo.com/5087309652034374/OADk18xeu,"https://tvax2.sinaimg.cn/crop.0.0.512.512.180/6e349211ly8h0isrftev3j20e80e8q32.jpg?KID=imgbed,tva&Expires=1728553786&ssig=cWbzrteFIB",我是老莱,https://weibo.com/1848939025,1
5080709131667160,372,25,4, 浙江,莆田版lululemon59元！可好穿了 ​,29,2024-09-20,热门,https://weibo.com/5080709131667160/OxRC16ZHG,"https://tvax2.sinaimg.cn/crop.0.0.828.828.180/82e3c81cly8gj9xubv6elj20n00n0wft.jpg?KID=imgbed,tva&Expires=1728553786&ssig=MhLL1jE6yJ",贝勒不滚,https://weibo.com/2195965980,0
5086911685199181,5610,211,69, 湖北,"原来这个出场视频是覃海洋[淡淡的]，我记得当时这个出来都把他夸成啥样了，还流行一句评论“他强任他强，老子覃海洋”…………不要因为职业对某个♂产生滤镜，运动员也好别的也好

 #覃海洋出场视频#http://t.cn/A6EODDXD ​",205,2024-10-07,热门,https://weibo.com/5086911685199181/OAsY8lOxL,"https://tvax1.sinaimg.cn/crop.0.0.1080.1080.180/006d7Zu0ly8hgvunm8cwkj30u00u0gne.jpg?KID=imgbed,tva&Expires=1728553786&ssig=iJR0eTITUx",蒜蒜收藏夹,https://weibo.com/5690794000,0
5087653587847972,220,64,3, 北京,"真是旱的旱死涝的涝死。
怀孕生孩子真是一件完全看基因的事情[淡淡的]  ​",85,2024-10-09,热门,https://weibo.com/5087653587847972/OAMgKwVCc,"https://tvax3.sinaimg.cn/crop.0.0.1080.1080.180/008su5Cely8h5b5oaepmpj30u00u0774.jpg?KID=imgbed,tva&Expires=1728553786&ssig=Kpe50f8bZI",小狮子医生的搬砖日常,https://weibo.com/7749971494,1
5087614936023470,122,11,4, 北京,看懂的考研人已经开始哭了[允悲]#决战考研##2025考研# ​,50,2024-10-09,热门,https://weibo.com/5087614936023470/OALgppgYK,"https://tvax3.sinaimg.cn/crop.0.11.939.939.180/0069OTJuly8fj6ragxp0mj30q30qpjsa.jpg?KID=imgbed,tva&Expires=1728553788&ssig=bThksf54th",考研数学高昆轮,https://weibo.com/5641914656,0
5084375521430471,1286,48,33, 海南,经典款的薄底匡威，对成年男性来说真的有很强的去油能力 ​,52,2024-09-30,热门,https://weibo.com/5084375521430471/OzoZy6087,"https://tvax2.sinaimg.cn/crop.0.0.1006.1006.180/90731fd2ly8fusxjh3gh2j20ry0rygnw.jpg?KID=imgbed,tva&Expires=1728553788&ssig=MxtdgBm3c4",镜子裂缝,https://weibo.com/2423463890,0
5086783986996093,2173,182,51, 安徽,"国外都开始玩起了中文梗，就这件衣服而言，
大家知道这是我们的哪句中文吗？ ​",71,2024-10-07,热门,https://weibo.com/5086783986996093/OApEatm0d,"https://tvax4.sinaimg.cn/crop.0.0.1080.1080.180/007cM80Wly8hsli0uex4lj30u00u0777.jpg?KID=imgbed,tva&Expires=1728553788&ssig=RaOwL1L24o",摆烂吧嗒,https://weibo.com/6601716410,0
5087907766866138,29,6,25, 北京,"#东北雨姐红薯粉条涉嫌标签虚假标注##律师说法# 
根据报道，东北雨姐直播带货红薯粉条共4次，售价约为5斤25元左右，4场直播粉条销售额接近100万元。打假博主“大娃”等人购买其直播间的红薯粉条并送检，发现红薯粉条中掺入了木薯淀粉，没有红薯成分，并在上门维权时与东北雨姐团队发生冲突。

从法律层 ​",2028,2024-10-10,热门,https://weibo.com/5087907766866138/OASSIsOca,"https://tvax1.sinaimg.cn/crop.0.0.471.471.180/53822515ly8hqopug8um6j20d30d3jrn.jpg?KID=imgbed,tva&Expires=1728553788&ssig=EqcCcVV4%2B%2B",李岩律师,https://weibo.com/1401038101,
5084251986330197,1724,145,65, 浙江,像夜市游戏的弹珠，又像龙珠…病人喘去做心导管、心脏超声发现这颗在左心房里面打转越滚越大的血栓…#心脏外科# http://t.cn/A6ExcQ0j ​,125,2024-09-30,热门,https://weibo.com/5084251986330197/OzlMiqyLX,"https://tvax2.sinaimg.cn/crop.0.0.512.512.180/7f1e426bly8gnlp0kgfxgj20e80e8glu.jpg?KID=imgbed,tva&Expires=1728553788&ssig=pHZSuuZcBi",我药你笑,https://weibo.com/2132689515,1
5086917960143144,148,43,3, 重庆,"妈妈我想把16p退了换16pm[泪]
16p的长焦把我妈咪糊成二维码[泪]
因为线下和线上都没有16pm 
为了演唱会临近演唱会日期买的16p
结果长焦还是好糊[泪]感觉没有我去年用我妹的15pm的长焦拍的清楚[允悲]
图一是内场的一个博主的16pm拍的
图二是我的垃圾16p拍的[淡淡的][淡淡的][淡淡的] ​",261,2024-10-07,热门,https://weibo.com/5086917960143144/OAt8g0BeM,"https://tvax2.sinaimg.cn/crop.0.0.1018.1018.180/a0df0216ly8hp55foa5suj20sa0saq4s.jpg?KID=imgbed,tva&Expires=1728553788&ssig=sMpBwIhwsx",CeciliaLavigne,https://weibo.com/2698969622,1
5087169972537791,2112,94,100, 四川,"终于有人把小樱的姿势在现实中演绎了出来
#cosplay##魔法少女小樱# ​",62,2024-10-08,热门,https://weibo.com/5087169972537791/OAzGJaEc7,"https://tvax3.sinaimg.cn/crop.0.0.1080.1080.180/007aRPx1ly8gln4nayetbj30u00u0tai.jpg?KID=imgbed,tva&Expires=1728553788&ssig=kJvRBIOAIt",电竞GO,https://weibo.com/6573522659,1
5081066872505152,8387,823,108, 江西,这丈母娘，有点东西，儿媳妇显得黯然失色了！ ​,42,2024-09-21,热门,https://weibo.com/5081066872505152/Oy0V1avHG,"https://tvax3.sinaimg.cn/crop.37.0.225.225.180/533cfefcly8h87c1xthblj208c0693ym.jpg?KID=imgbed,tva&Expires=1728553788&ssig=DgxolefxA1",有理想的蓝大,https://weibo.com/1396506364,0
5087597646840268,1491,179,186, 上海,"主持人：用六个字表达对音乐的态度 
蔡健雅：真诚 用心 勇气
主持人：其实是 有歌2024

姐们节目能不能别这么土了吓到我们新加坡人了 http://t.cn/A6EY9a63 ​",145,2024-10-09,热门,https://weibo.com/5087597646840268/OAKOwsHsU,"https://tvax4.sinaimg.cn/crop.0.0.1080.1080.180/0068HhTyly8hrs2k5oiwjj30u00u0jue.jpg?KID=imgbed,tva&Expires=1728553788&ssig=dwaUta553j",这也要发,https://weibo.com/5625324576,0
5087153839407937,521,74,16, 江苏,"#阴阳师手游[超话]##cp30# 
公告里很会撇清关系开除粉籍的须蛇主页怎么解释coser就在你们街道群？
能不能再表演一下那个“我方与当事coser没有任何关系”？
你们违规cpp原则释出的录音里自己说了“找到了才能管”，这下人真的找到在你们街道群里了诶？脸被打得都肿了吧？还是说下一步要开始演“只是重 ​",522,2024-10-08,热门,https://weibo.com/5087153839407937/OAzgHDtqV,"https://tvax1.sinaimg.cn/crop.0.0.512.512.180/007Ykp6Cly8hu4pv5o54cj30e80e874w.jpg?KID=imgbed,tva&Expires=1728553788&ssig=4a5i4JzKWp",莫帕瓦艾尼德,https://weibo.com/7304373054,0
5079479502504018,1745,146,39, 河北,"教员真的是豁达。      

当年金日成送给教员24箱苹果，教员没有多想，便让李银桥将苹果送到了警卫队。不一会儿，院子里就喧闹非常。教员停下手中的工作走到院子里一看，发现众人都呆呆看着箱子里鲜红欲滴的大苹果，却无一人敢吃。

明明都看着苹果流口水，为何无人敢吃呢？教员走过去拿出一个苹果一看 ​",607,2024-09-17,热门,https://weibo.com/5079479502504018/OxlCKavpo,"https://tvax4.sinaimg.cn/crop.0.0.1080.1080.180/687e2a01ly8gthljl87wlj20u00u076f.jpg?KID=imgbed,tva&Expires=1728553788&ssig=HcTbqArZl1",李锦泉,https://weibo.com/1753098753,1
5087854518599985,66,104,1, 河北,闺蜜心情不好！买了两台iPhone16ProMax 1Tb过来叫我帮她贴膜导数据，她说:平时心情不好就好买东西……顺便看看我贴膜贴的如何？ ​,119,2024-10-10,热门,https://weibo.com/5087854518599985/OARuPA5fr,"https://tvax3.sinaimg.cn/crop.0.0.1080.1080.180/bfcada65ly8gdii0n6ku1j20u00u078j.jpg?KID=imgbed,tva&Expires=1728553788&ssig=6j7zY4zsEa",每阅壁纸,https://weibo.com/3217742437,1
5085447130715661,870,86,28, 广东,《灵幻先生》油炸鬼油温不够热，炸的半生不熟，这下要完蛋了  影视二创高飞计划 #花式刷片挑战# http://t.cn/A6EoVcwB ​,110,2024-10-03,热门,https://weibo.com/5085447130715661/OzQRX30aV,"https://tvax4.sinaimg.cn/crop.0.0.512.512.180/008hfAO7ly8gxkqxwx1jbj30e80e8t9i.jpg?KID=imgbed,tva&Expires=1728553788&ssig=u2Ik5AazGK",点点影视解说,https://weibo.com/7583976779,1
5087873298599174,54,12,0, 山东,现在降薪直接不藏了摆明面上了，正面硬刚 ​,38,2024-10-10,热门,https://weibo.com/5087873298599174/OARZ7A52m,"https://tvax4.sinaimg.cn/crop.0.0.844.844.180/005RH9vZly8higseqdz4aj30ng0ngjt6.jpg?KID=imgbed,tva&Expires=1728553788&ssig=H2QmZfLoXs",W-6005游戏分享,https://weibo.com/5374094651,1
5087662679790118,1043,157,44, 安徽,00后实习生因离职后没有收到垫付资金，在领导工位上拉💩... ​,57,2024-10-09,热门,https://weibo.com/5087662679790118/OAMvpF4R8,"https://tvax3.sinaimg.cn/crop.0.0.1078.1078.180/00763XoIly8hizfvnzk8sj30ty0tyjvb.jpg?KID=imgbed,tva&Expires=1728553840&ssig=EN7sxZSE41",上海滩蚂蚁哥,https://weibo.com/6502531152,0
5087563549769866,148,124,12, 湖南,"今天准备出门把12卖掉
提前查了下
赚赚报1571
咸鱼报1492
艾回收1440

等下去苹果授权店的机器上看看 ​",94,2024-10-09,热门,https://weibo.com/5087563549769866/OAJVwEZAu,"https://tvax2.sinaimg.cn/crop.0.0.828.828.180/9ca37217ly8gdj4cyfizwj20n00n0ab7.jpg?KID=imgbed,tva&Expires=1728553840&ssig=bcYIXA0tmf",姜姜姜姜呢,https://weibo.com/2627957271,0
5087339205104984,634,75,28, 安徽,两幅画，同一个历史事件。 ​,27,2024-10-08,热门,https://weibo.com/5087339205104984/OAE5Glq2s,"https://tvax3.sinaimg.cn/crop.0.0.1080.1080.180/e5727878ly8ge1hmxpsj2j20u00u0gnn.jpg?KID=imgbed,tva&Expires=1728553840&ssig=xuVR9wUrQX",强强记事,https://weibo.com/3849484408,1
5086762707714339,42,4,2, 浙江,随机烧掉一个外国人的cpu[doge][doge][doge] ​,41,2024-10-07,热门,https://weibo.com/5086762707714339/OAp5QwmQP,"https://tva3.sinaimg.cn/crop.0.13.640.640.180/805c3d47jw8f5iwwjphp4j20hs0iiwfa.jpg?KID=imgbed,tva&Expires=1728553840&ssig=%2FdAsjg3Oxg",程序员那些破事,https://weibo.com/2153528647,0
5087518518676113,70,4,4,,【#四方发型肖主任公开转让账号#：入不敷出，四方发型会保留】#四方发型肖主任称将转型# 近日，“四方发型法务主任”肖洪飞发布视频公开转让其视频账号“肖主任”，并称其将转型跟一位“富婆”做珠宝生意。10月8日，肖洪飞回应称，两年前因发型和个人经历受到广泛关注后，法律服务业务有所拓展，同时尝 ​,493,2024-10-09,热门,https://weibo.com/5087518518676113/OAIKTAp3j,"https://tvax4.sinaimg.cn/crop.0.0.690.690.180/001DitQply8h8vhzzl20mj60j60j6jrn02.jpg?KID=imgbed,tva&Expires=1728553840&ssig=%2BPjLoSMmlw",封面新闻,https://weibo.com/1496814565,0
5086985557902646,472,103,6, 浙江,听说天门山的韩国🇰🇷游客特别多，因为韩国游客很好辨认，男女都带着小圆帽，衣着都比较保守，男人体恤衫运动裤，女人不管多大年纪都化妆。 ​,134,2024-10-07,热门,https://weibo.com/5086985557902646/OAuThx9Q2,"https://tvax2.sinaimg.cn/crop.0.0.1080.1080.180/7e2bae86ly8hqcc5n37koj20u00u0abq.jpg?KID=imgbed,tva&Expires=1728553840&ssig=mXohGvPtRx",安加洛Angalo,https://weibo.com/2116791942,1
5087637658402976,20,9,0, 黑龙江,苹果还是一如既往的坑，明明15和16可以数据线对插传输数据传输，但是激活的时候就没这个选项，问寻思没有就是不能呗，我问了@Kang 一大堆没啥用的，结果大哥告诉我直接对插就行[允悲]早说我还用耽误人家那么多时间[跪了] ​,204,2024-10-09,热门,https://weibo.com/5087637658402976/OALR3zfZS,"https://tvax4.sinaimg.cn/crop.0.0.600.600.180/7ef9b533ly8heouv083hfj20go0godgc.jpg?KID=imgbed,tva&Expires=1728553840&ssig=abhmfdI0tQ",高达魔型,https://weibo.com/2130294067,0
5087312977330657,51,5,1, 河南,上海一杯豆浆6块？[思考] ​,23,2024-10-08,热门,https://weibo.com/5087312977330657/OADpnuL2p,"https://tvax4.sinaimg.cn/crop.0.0.1080.1080.180/6cd3e671ly8hua94ngcl5j20u00u0dia.jpg?KID=imgbed,tva&Expires=1728553840&ssig=sKbWQGZFlM",李大柱之冠,https://weibo.com/1825826417,1
5086169661178684,1228,29,38, 江西,"用双面刀片也能打造出漂亮的大马士革钢刀 

！！！！q http://t.cn/A6ECeqs9 ​",71,2024-10-05,热门,https://weibo.com/5086169661178684/OA9Fk4WD2,"https://tvax4.sinaimg.cn/crop.0.0.987.987.180/007DkeFXly8hsyyjy7pucj30rf0rf0vy.jpg?KID=imgbed,tva&Expires=1728553840&ssig=JkaNCZfZ5U",是陈依涵呀,https://weibo.com/6994029905,0
5087236175692874,380,81,12, 广东,体制内一刀切 本想着放假出去玩一下子… 结果HR说只能公务或探亲才会批，只要还打着这份工 这辈子无缘港澳 海外游了[微笑]上面的人究竟在怕什么啊 ​,136,2024-10-08,热门,https://weibo.com/5087236175692874/OABpvnSYy,"https://tvax3.sinaimg.cn/crop.0.0.664.664.180/86a917bcly8g6fay6jwmgj20ig0igwf8.jpg?KID=imgbed,tva&Expires=1728553840&ssig=og4UH%2BJjof",JaxPOP,https://weibo.com/2259228604,0
5087253801992909,511,59,3, 河南,于正新签的那个女艺人，我去看了她的写真啥的都没啥感觉，刷到这三张站讲台上的生图之后有点不行了。。好看吗。。好看就是好t ​,117,2024-10-08,热门,https://weibo.com/5087253801992909/OABRW8mrH,"https://tvax3.sinaimg.cn/crop.0.0.1024.1024.180/e9808199ly8hg13cbumi9j20sg0sg75r.jpg?KID=imgbed,tva&Expires=1728553840&ssig=cjpqfd7uoz",找点药嗑,https://weibo.com/3917513113,0
5087668291507422,483,26,21, 江西,影视飓风下架视频含弹幕版见评！来看看为什么惨遭下架 ​​​,57,2024-10-09,热门,https://weibo.com/5087668291507422/OAMEt6k9g,"https://tvax2.sinaimg.cn/crop.0.0.996.996.180/0079e6Zuly8fxzd1l5fezj30ro0rogn4.jpg?KID=imgbed,tva&Expires=1728553840&ssig=cQn2ncqC12",小城堡呀,https://weibo.com/6549280316,0
5087851278500183,309,31,14,,【#点鱼香肉丝发现分量少像配角# #学生起诉15元外卖与照片不符获赔500元#】据重庆市江津区人民法院消息，小潘是重庆市江津区一所高校的在读学生，2024年4月，小潘在一家烧烤店下单，消费金额为31元，订单中包含一份15元的鱼香肉丝。收到餐食后，小潘发现菜品内容虽多了两个菜花和一根香肠，但额外的食 ​,697,2024-10-10,热门,https://weibo.com/5087851278500183/OARpBzFhJ,"https://tvax1.sinaimg.cn/crop.0.4.535.535.180/001Lvb9uly8h8vgoyk5brj60f00f0jrq02.jpg?KID=imgbed,tva&Expires=1728553840&ssig=RGXV4NAvSK",头条新闻,https://weibo.com/1618051664,0
5080798810344122,1696,143,59, 浙江,有人在故宫cos慈禧和溥仪……还真有点神似 ​,39,2024-09-20,热门,https://weibo.com/5080798810344122/OxTWF1rwm,"https://tvax2.sinaimg.cn/crop.0.0.511.511.180/006S23Dply8hpjk5wu5lyj30e70e7jrp.jpg?KID=imgbed,tva&Expires=1728553840&ssig=F6uwDejuFb",星圈影像,https://weibo.com/6295209767,1
5087867672199371,2868,62,116, 日本,？？？ ​,6,2024-10-10,热门,https://weibo.com/5087867672199371/OARQ39e9J,"https://tvax2.sinaimg.cn/crop.0.0.1080.1080.180/0066CcwRly8gv4tzki32hj60u00u0mz002.jpg?KID=imgbed,tva&Expires=1728553842&ssig=uwzC5rOKeW",迷惑行為大賞,https://weibo.com/5594559637,0
5087702912866401,1362,229,116, 北京,"下架影视飓风的视频反而让4k流媒体的缩水更为人所知了。

那个视频最大的问题是告诉消费者，你买了 vip，vvip，也不能保证你看到的4k视频是4k视频。

优爱腾b站每年每家流量和存储的成本都几十亿，算法省省，几个亿可能就出来了。

但是这个事的问题是，会员是先收钱再服务的。也就是说你买了一个健身 ​",712,2024-10-09,热门,https://weibo.com/5087702912866401/OANyjc1Gh,"https://tvax2.sinaimg.cn/crop.0.0.512.512.180/620ffe08ly8gsc02zukw1j20e80e8my5.jpg?KID=imgbed,tva&Expires=1728553842&ssig=wY%2FwuDD4yY",李楠或kkk,https://weibo.com/1645215240,0
5085525177010536,16,8,1, 北京,短短五年啊才[泪][泪][泪]怎么变化这么大 ​,38,2024-10-03,热门,https://weibo.com/5085525177010536/OzSTPtpLa,"https://tvax1.sinaimg.cn/crop.0.0.1080.1080.180/005BYC98ly8hde7196bs0j30u00u0n0p.jpg?KID=imgbed,tva&Expires=1728553842&ssig=6fV27zTLAt",加拉兹_Galazs,https://weibo.com/5141834910,1
5086907190739849,1753,157,51, 日本,我在东京机场转机，机场里一路有许多日本人对着我窃窃私语，我听不懂日文，不过隐约听到他们都在说什么卡奈西洛塔开西，我心想，小日本的是不是在偷偷骂我？于是我打开手机，对着翻译软件模仿他们的话说，卡奈西洛塔开西，翻译软件loading了三秒钟，弹出翻译结果——金城武 ​,253,2024-10-07,热门,https://weibo.com/5086907190739849/OAsQT36t3,"https://tvax2.sinaimg.cn/crop.0.0.1080.1080.180/493baa6cly8fzcyj77biwj20u00u0di1.jpg?KID=imgbed,tva&Expires=1728553842&ssig=3Q9WvWeBNr",G僧东,https://weibo.com/1228647020,1
5087283550622242,22817,922,377, 广东,我这辈子不会再自卑 ​,18,2024-10-08,热门,https://weibo.com/5087283550622242/OACDV2BSa,"https://tvax3.sinaimg.cn/crop.0.0.1080.1080.180/001nIZ1Aly8hf2crk5vqwj60u00u040d02.jpg?KID=imgbed,tva&Expires=1728553842&ssig=8BZXdFeho%2B",夏影,https://weibo.com/1266709574,0
5087200590958134,36,15,1, 安徽,"不是，现在三方主题里的开机动画都这么优雅了吗？

虽然清晰度差一点点，但其他细节都还好，能看。 http://t.cn/A6El7txj ​",113,2024-10-08,热门,https://weibo.com/5087200590958134/OAAu741fM,"https://tvax1.sinaimg.cn/crop.0.0.1080.1080.180/006wkIURly8hsmq87i6rwj30u00u0q6a.jpg?KID=imgbed,tva&Expires=1728553842&ssig=wHt0OA5Qb7",Amor_叶叶叶,https://weibo.com/5974578965,1
5087696454162818,178,33,1, 湖北,？？dy…泥…骂人 ​,16,2024-10-09,热门,https://weibo.com/5087696454162818/OANnThsWe,"https://tvax1.sinaimg.cn/crop.0.0.1080.1080.180/41fe3321ly8ho8a0pm5jdj20u00u0acp.jpg?KID=imgbed,tva&Expires=1728553842&ssig=xVg%2Bmw4Y%2F5",无人区babysbreath,https://weibo.com/1107178273,0
5083531274879600,332,34,12, 上海,"山西文旅与黑神话的联动 ​​​
我朋友在那边旅游
然后我把他从照片里面P掉了 ​",72,2024-09-28,热门,https://weibo.com/5083531274879600/Oz31Rktpe,"https://tvax2.sinaimg.cn/crop.0.0.600.600.180/5d59caf7ly8hdq5mezgnij20go0goq47.jpg?KID=imgbed,tva&Expires=1728553842&ssig=43%2FIu1Uv4q",1900影剧室,https://weibo.com/1566165751,1
5086434913162929,250,24,19, 安徽,原来单休等于上六天班休一天…… ​,33,2024-10-06,热门,https://weibo.com/5086434913162929/OAgz9dgOZ,"https://tvax2.sinaimg.cn/crop.0.0.1080.1080.180/006wuNILly8gx8luj0nsej30u00u0dh4.jpg?KID=imgbed,tva&Expires=1728553842&ssig=pYR%2BurDV3v",斗图胖虎,https://weibo.com/5976980715,0
5087335106743773,270,31,36, 四川,"李昀锐没事哒一辈子很快就过去啦🫰🏻
哈哈哈哈哈哈哈哈哈哈哈哈哈哈哈哈哈哈哈哈哈哈哈哈哈哈哈哈哈哈哈哈哈哈哈哈哈哈哈哈哈哈哈哈哈哈哈哈哈哈哈哈哈哈哈哈哈哈哈哈哈哈哈哈哈哈哈哈哈哈哈哈哈哈哈哈哈哈哈哈哈哈哈哈哈哈哈哈哈哈哈哈哈哈哈哈 http://t.cn/A6Ej2B3c ​",252,2024-10-08,热门,https://weibo.com/5087335106743773/OADZ4simx,"https://tvax4.sinaimg.cn/crop.0.0.828.828.180/0079JeYGly8gfbkhout56j30n00n03zt.jpg?KID=imgbed,tva&Expires=1728553842&ssig=Zt6Smr2Nvo",守法周市民,https://weibo.com/6556699186,0
5087488083495318,1235,98,224, 山东,"医院里的这些“奇葩规定”，其实都是为了保护患者！

为什么摔了一跤就要做CT?
ICU病房为什么不让家属陪护？
查个胃镜竟然还要查梅毒和艾滋？

不少人认为，医院某些规定很“奇葩”。事实上，这些都是用鲜血换来的，一切都是为了更好保护患者。

01、为什么摔了一跤也要做CT？

一名建筑工人从两米多高 ​",5023,2024-10-09,热门,https://weibo.com/5087488083495318/OAHXOeFi6,"https://tvax4.sinaimg.cn/crop.0.0.512.512.180/006wFlO0ly8gbnja69u55j30e80e80tg.jpg?KID=imgbed,tva&Expires=1728553842&ssig=ZqAqviEWA6",许超医生,https://weibo.com/5979495016,1
5087622642798762,232,42,7, 安徽,肖央这么牛了？这绝对一线了啊。 ​,30,2024-10-09,热门,https://weibo.com/5087622642798762/OALsQbK5k,"https://tvax1.sinaimg.cn/crop.0.0.996.996.180/00729tNAly8fz50kngblij30ro0roaey.jpg?KID=imgbed,tva&Expires=1728553842&ssig=rTcga%2FiZmS",欧阳志刚正在搞创作,https://weibo.com/6444741998,0
5087626769992145,6669,787,58,,【#男子高速上开90码被女友嫌慢丢路上#】据山西高速交警四支队消息，10月1日，十三大队民警巡逻至呼北高速（呼北方向）770km处时，发现一男子正站在应急车道内打电话。上前询问后得知，该男子与女友吵架，其女友负气将男子丢在高速路上，自己开车走了，此时已行至前方10km处等待。为安全起见，民警立即 ​,648,2024-10-09,热门,https://weibo.com/5087626769992145/OALzuFVpD,"https://tvax1.sinaimg.cn/crop.0.0.600.600.180/0070ni15ly8hcmk65avs5j30go0godgt.jpg?KID=imgbed,tva&Expires=1728553842&ssig=cH6jheGpwf",星视频,https://weibo.com/6418480627,1
5086510800437616,791,202,29, 广东,"国庆假期，少林寺的停车场。
买车的人，知道车选什么颜色了吧？[并不简单] ​",69,2024-10-06,热门,https://weibo.com/5086510800437616/OAixy1PQk,"https://tvax2.sinaimg.cn/crop.0.0.1080.1080.180/008yp4y7ly8hfjom8211tj30u00u0q5p.jpg?KID=imgbed,tva&Expires=1728553842&ssig=xmzknmmMG%2F",深圳陶玥,https://weibo.com/7837433771,0
5087940425028913,0,1,0,,"公务员的含金量在这一刻体现的淋漓尽致
4:30下班
一天就上班5小时[酸] ​",39,2024-10-10,实时,https://weibo.com/5087940425028913/OATJol6fv,"https://tvax1.sinaimg.cn/crop.0.0.512.512.180/006jAXxyly8hhk999xjfxj30e80e874w.jpg?KID=imgbed,tva&Expires=1728553845&ssig=Z%2BV8lbt%2BaQ",喜欢吃烤肉的火锅,https://weibo.com/5786356060,0
5087940659905006,0,0,0,,下辈子我要长个丁丁我要当男的 ​,16,2024-10-10,实时,https://weibo.com/5087940659905006/OATJLFyKa,"https://tvax3.sinaimg.cn/crop.0.0.500.500.180/3da25aa2ly8hdxb1j4vlnj20dw0dwt91.jpg?KID=imgbed,tva&Expires=1728553845&ssig=SwFe2InUdn",消灭世界上所有的香菜0,https://weibo.com/1034050210,0
5087940634479725,0,0,0,,"鹿哥他们在教室里玩的时候
小松鼠就在外面的游乐园里玩
谁都不耽误玩[可爱][老师爱你] ​",45,2024-10-10,实时,https://weibo.com/5087940634479725/OATJJiNnD,"https://tvax3.sinaimg.cn/crop.0.0.512.512.180/cd3dcb3aly8fvmz9qer0sj20e80e8t98.jpg?KID=imgbed,tva&Expires=1728553845&ssig=5xgYstwuxb",一枚守护鹿宝儿的小静松果,https://weibo.com/3443379002,0
5087940659904517,0,0,0,,"梁静茹演唱会看了，再看看林忆莲的就完美了。
林忆莲香港演唱会都可以去看，周末飞一趟。😂 ​",45,2024-10-10,实时,https://weibo.com/5087940659904517/OATJLFyCh,"https://tvax3.sinaimg.cn/crop.0.0.640.640.180/66e3eb06ly8h7yr3lgwrwj20hs0hs0ty.jpg?KID=imgbed,tva&Expires=1728553845&ssig=duJHje4%2Fa3",MissHwang来好,https://weibo.com/1726212870,0
5087940001137361,0,1,0,,diy一下 想做多大做多大 ​,15,2024-10-10,实时,https://weibo.com/5087940001137361/OATII4LSx,"https://tvax4.sinaimg.cn/crop.0.0.1080.1080.180/ddb199a9ly8hcpoifmgxuj20u00u0762.jpg?KID=imgbed,tva&Expires=1728553845&ssig=CK%2FRtWbWBW",_我在搜集熊和證據,https://weibo.com/3719403945,0
5087940659642712,0,0,0,,拍拍拍 ​,5,2024-10-10,实时,https://weibo.com/5087940659642712/OATJLEsvC,"https://tvax2.sinaimg.cn/crop.0.0.960.960.180/006sfOL8ly8hib3mtec8zj30qo0qogo7.jpg?KID=imgbed,tva&Expires=1728553845&ssig=hwHU8oA8na",1瑾年1,https://weibo.com/5914304442,0
5087939526919254,4,6,0,,又他妈梦到跟我发小搞一起去了 我操吓死我。我操吓死我了吓死我了[泪] ​,36,2024-10-10,实时,https://weibo.com/5087939526919254/OATHWt20S,"https://tvax1.sinaimg.cn/crop.0.0.1080.1080.180/006qlFoWly8hthbb31jg4j30u00u0q7j.jpg?KID=imgbed,tva&Expires=1728553845&ssig=ITBWgvosl4",围巾ru_,https://weibo.com/5886145766,0
5087940651518686,0,0,0,,嘎嘎猛  ​,6,2024-10-10,实时,https://weibo.com/5087940651518686/OATJL6n4W,"https://tvax2.sinaimg.cn/crop.0.0.512.512.180/007S8bZrly8gqvtj5j55sj30e80e8dgb.jpg?KID=imgbed,tva&Expires=1728553845&ssig=l%2BnDtFd7%2Br",小和要奋斗-领导客户在天堂版,https://weibo.com/7212804685,0
5087940659118969,0,0,0,,DSG到底是「大帅哥」还是「单身狗」的意思？！ ​,25,2024-10-10,实时,https://weibo.com/5087940659118969/OATJLCgg9,"https://tvax1.sinaimg.cn/crop.0.0.1080.1080.180/008FNdozly8ht73uet5ylj30u00u075x.jpg?KID=imgbed,tva&Expires=1728553845&ssig=30mFZU2CkB",曦笑彥開ENFJ版,https://weibo.com/7946621999,0
5087940659118660,0,0,0,,丢了现在活多干不完的感觉很像小时候上学写不完作业[淡淡的] ​,31,2024-10-10,实时,https://weibo.com/5087940659118660/OATJLCgba,"https://tvax1.sinaimg.cn/crop.0.0.1080.1080.180/006FmlIUly8hqo4r8x0opj30u00u0dhp.jpg?KID=imgbed,tva&Expires=1728553845&ssig=66Z4zt%2FaEw",A月亮不吃月饼,https://weibo.com/6107953492,0
5087940289758477,0,1,0,,什刹海这地方真成了旅游区了[吃瓜] ​,19,2024-10-10,实时,https://weibo.com/5087940289758477/OATJaEWCN,"https://tva2.sinaimg.cn/crop.0.0.180.180.180/6d993edbjw1e8qgp5bmzyj2050050aa8.jpg?KID=imgbed,tva&Expires=1728553845&ssig=3EVYxFVtDt",烟珉,https://weibo.com/1838759643,0
5087940659118184,0,0,0,,有了北京场你们北方人就别来江浙沪跟我抢票了吼[揣手] ​,28,2024-10-10,实时,https://weibo.com/5087940659118184/OATJLCg3u,"https://tvax2.sinaimg.cn/crop.0.0.1022.1022.180/0062MjRbly8hni6r4bqxej30se0semz5.jpg?KID=imgbed,tva&Expires=1728553845&ssig=PzjIm0gGsz",Mortimerpcy-见过黄子阿蒲版,https://weibo.com/5537865741,0
5087939220998007,1,2,0,,一上班就是这幅死样子 ​,12,2024-10-10,实时,https://weibo.com/5087939220998007/OATHs4bCT,"https://tvax3.sinaimg.cn/crop.0.0.512.512.180/005UKeTFly8h8iyxj6ma9j30e80e8mxq.jpg?KID=imgbed,tva&Expires=1728553845&ssig=xGN23cTFB4",就叫韩小花,https://weibo.com/5419159331,0
5087940655712831,0,0,0,,"液体卫生巾yyds[送花花]
柯基改变生活[锦鲤附体] ​",29,2024-10-10,实时,https://weibo.com/5087940655712831/OATJLnYar,"https://tvax3.sinaimg.cn/crop.0.0.1080.1080.180/006aw2ywly8hsvg9jj1trj30u00u0dgh.jpg?KID=imgbed,tva&Expires=1728553845&ssig=wpQjxOJ30r",一只哈士橘,https://weibo.com/5652196676,0
5087938986115927,2,2,0,,分享图片 ​,6,2024-10-10,实时,https://weibo.com/5087938986115927/OATH4pF1Z,"https://tvax4.sinaimg.cn/crop.0.0.828.828.180/ecff3dcely8h1t01xodn3j20n00n00wg.jpg?KID=imgbed,tva&Expires=1728553845&ssig=8HhNw2hqaR",小煤球不黑,https://weibo.com/3976150478,0
5087940655711574,0,0,0,,虽然我买星巴克要分36期 但是我对你的爱无期 ​,24,2024-10-10,实时,https://weibo.com/5087940655711574/OATJLnXQa,"https://tvax1.sinaimg.cn/crop.0.0.1079.1079.180/620809c8ly8huezmix0vsj20tz0tzac1.jpg?KID=imgbed,tva&Expires=1728553845&ssig=OiL3MZk44K",我总是一副不开心的样子,https://weibo.com/1644693960,0
5087940602498540,0,0,0,,"Ciutat de las Artes y las Ciencias（艺术科学城）
由当地名建筑师 Santiago Calatrava 设计，建筑流经瓦伦西亚市的杜利亚河床，内有艺术馆、海洋馆、美术馆、科学馆、电影馆等，我们临时卡进这个城，时间不够看不了展，只能闲溜达书店拍拍照～[比耶][比耶]  ​",152,2024-10-10,实时,https://weibo.com/5087940602498540/OATJGatZ2,"https://tvax2.sinaimg.cn/crop.0.0.1080.1080.180/6f1206f0ly8hu89ojqv6nj20u00u040h.jpg?KID=imgbed,tva&Expires=1728553845&ssig=lr8QA%2BdDa5",熊熊49,https://weibo.com/1863452400,0
5087938905901330,0,1,0,,好丑 ​,4,2024-10-10,实时,https://weibo.com/5087938905901330/OATGWoLcK,"https://tvax3.sinaimg.cn/crop.0.0.1080.1080.180/be74a830ly8hhyma2s9dpj20u00u00uw.jpg?KID=imgbed,tva&Expires=1728553845&ssig=0XItDkW72X",邓有趣,https://weibo.com/3195316272,0
5087940655450637,0,0,0,,这就是。。腕力第六！ ​,12,2024-10-10,实时,https://weibo.com/5087940655450637/OATJLmRXv,"https://tvax3.sinaimg.cn/crop.0.0.327.327.180/008f2yeQly8hucro2wmewj3093093mxg.jpg?KID=imgbed,tva&Expires=1728553845&ssig=%2FOKODJgn%2FH",废日常厨,https://weibo.com/7551315968,0
5087940655449880,0,0,0,,财神殿里长跪不起[酷]  ​,14,2024-10-10,实时,https://weibo.com/5087940655449880/OATJLmRLi,"https://tvax3.sinaimg.cn/crop.0.0.512.512.180/005GQ6Jely8gqze0sixnoj30e80e874n.jpg?KID=imgbed,tva&Expires=1728553845&ssig=er1xUugh3k",陈小儒Trudy,https://weibo.com/5213689196,0
5087927116235069,13,2,0,,家门口的极光啊！ ​,10,2024-10-10,实时,https://weibo.com/5087927116235069/OATnVqa1D,"https://tva2.sinaimg.cn/crop.0.0.180.180.180/b65d0782jw1e8qgp5bmzyj2050050aa8.jpg?KID=imgbed,tva&Expires=1728553889&ssig=yE0mMv8ZlN",小飞象啊,https://weibo.com/3059550082,0
5087940567368710,2,0,0,,真的很爱在🚾对镜拍 ​,11,2024-10-10,实时,https://weibo.com/5087940567368710/OATJCuUWa,"https://tvax2.sinaimg.cn/crop.0.0.1080.1080.180/735d5498ly8hubwmehnn1j20u00u0wgx.jpg?KID=imgbed,tva&Expires=1728553889&ssig=xj48J%2BG5%2FX",Lajoong,https://weibo.com/1935496344,0
5087940253060271,0,0,0,,昨日ootd ​,8,2024-10-10,实时,https://weibo.com/5087940253060271/OATJ7cQ7d,"https://tvax2.sinaimg.cn/crop.0.0.664.664.180/e435fb35ly8g61lwoe465j20ig0igaat.jpg?KID=imgbed,tva&Expires=1728553889&ssig=ME2SsQztYe",废墟生物-,https://weibo.com/3828742965,0
5087940608787010,1,0,0,,5⃣️ ​,5,2024-10-10,实时,https://weibo.com/5087940608787010/OATJGARTY,"https://tvax4.sinaimg.cn/crop.0.0.1080.1080.180/006C9WZnly8hk3wgl39eoj30u00u0n0s.jpg?KID=imgbed,tva&Expires=1728553889&ssig=03q8I2Bmrn",黄什麼盈_,https://weibo.com/6060669469,0
5087939531641003,3,1,0,,那种明知道别人睡觉了大半夜起来穿个拖鞋趿拉板儿的一层楼都能听到跟地震似的人都是傻逼 操你们妈 ​,48,2024-10-10,实时,https://weibo.com/5087939531641003/OATHX6STN,"https://tvax4.sinaimg.cn/crop.0.0.1080.1080.180/008no7lily8h9ba011b40j30u00u0q63.jpg?KID=imgbed,tva&Expires=1728553889&ssig=daXt1r23uP",杨舒畅0715,https://weibo.com/7674666484,0
5087938658175361,0,3,0,,"柚子有皮我不吃
柚子剥好我猛猛炫 ​",18,2024-10-10,实时,https://weibo.com/5087938658175361/OATGxyiMF,"https://tvax4.sinaimg.cn/crop.0.0.1080.1080.180/6855817ely8h7awr2y4ihj20u00u0n0i.jpg?KID=imgbed,tva&Expires=1728553889&ssig=RWTG%2BJvqcr",妮妮今天减肥了么,https://weibo.com/1750434174,0
5087933558163903,0,1,0,,山东的一半城市算都去过了，威海、青岛、烟台、日照、临沂、淄博 ​,32,2024-10-10,实时,https://weibo.com/5087933558163903/OATyjyfNR,"https://tvax3.sinaimg.cn/crop.0.0.512.512.180/006q0k4Kly8fvdgnkxli3j30e80e8ab0.jpg?KID=imgbed,tva&Expires=1728553889&ssig=ujBbbRPwNh",王林芝芝,https://weibo.com/5881058902,0
5087940059073582,0,2,0,,4周年了…  ​,8,2024-10-10,实时,https://weibo.com/5087940059073582/OATINC4s6,"https://tvax3.sinaimg.cn/crop.0.0.999.999.180/7525a38aly8hsunftjoooj20rr0rrwfp.jpg?KID=imgbed,tva&Expires=1728553889&ssig=vpj38lQXNg",Maria依依姐,https://weibo.com/1965400970,0
5087938719252757,0,0,0,,🫰  ​,4,2024-10-10,实时,https://weibo.com/5087938719252757/OATGDCP41,"https://tvax2.sinaimg.cn/crop.0.0.996.996.180/005Y1vVMly8h6561zdx6mj30ro0ro773.jpg?KID=imgbed,tva&Expires=1728553889&ssig=pQ%2BwLCFIVm",叫声爷我不开枪,https://weibo.com/5467605394,0
5087940190146231,1,0,0,,跳了个立定跳远差点跳死了 ​,14,2024-10-10,实时,https://weibo.com/5087940190146231/OATJ10C2z,"https://tvax3.sinaimg.cn/crop.0.0.510.510.180/006fIXp0ly8hs6cf51secj30e60e6q3i.jpg?KID=imgbed,tva&Expires=1728553889&ssig=xjal56lsRn",-Cz_zC-,https://weibo.com/5729156810,0
5087939769405386,1,0,0,,努力的意义是拥有更多选择权💐  ​,17,2024-10-10,实时,https://weibo.com/5087939769405386/OATIkDsLM,"https://tvax3.sinaimg.cn/crop.0.0.512.512.180/9bb2ccc0ly8hj1jxh5la4j20e80e83z6.jpg?KID=imgbed,tva&Expires=1728553889&ssig=BpYdwy3EhA",Nhh-,https://weibo.com/2612186304,
5087938589233147,1,0,0,,"已经到了 妈妈上厕所 都要守在门口等妈妈的月龄了
舅舅休息天就来带娃
一天到晚喝各种东西 ​",46,2024-10-10,实时,https://weibo.com/5087938589233147/OATGqCJXJ,"https://tvax2.sinaimg.cn/crop.0.0.1080.1080.180/9dfd1fb3ly8gsfokigmg8j20u00u0juy.jpg?KID=imgbed,tva&Expires=1728553889&ssig=ieAQtJwqeA",Prtian_,https://weibo.com/2650611635,0
5090132067879475,185,170,1, 上海,"新手机到了一个星期了，我都没想起来要把数据传过去[淡淡的][淡淡的][淡淡的]

已经开始反思自己是不是真的需要每年都换新手机[淡淡的] ​",126,2024-10-16,热门,https://weibo.com/5090132067879475/OBOKix3Oj,"https://tvax2.sinaimg.cn/crop.0.0.512.512.180/0073Uf2dly8fyclvw2jhtj30e80e8t95.jpg?KID=imgbed,tva&Expires=1729098875&ssig=1kARcW1Zz5",美1收割机,https://weibo.com/6470662997,0
5090047080008748,205,38,54, 广东,浙大的张岩和北大的张岩合作发表了一篇顶刊论文，完美解决了谁当一作的学术界千年难题。 ​,82,2024-10-16,热门,https://weibo.com/5090047080008748/OBMxe02h6,"https://tva4.sinaimg.cn/crop.0.0.180.180.180/49421855jw1e8qgp5bmzyj2050050aa8.jpg?KID=imgbed,tva&Expires=1729098875&ssig=PGaL6qckFP",瘦驼,https://weibo.com/1229068373,0
5089448662666019,721,150,26, 河北,爸爸去哪儿的小男孩怎么感觉全都长残了[允悲] ​,42,2024-10-14,热门,https://weibo.com/5089448662666019/OBwY2bbyj,"https://tvax1.sinaimg.cn/crop.0.0.512.512.180/6ae9480fly8hoq4yogfaaj20e80e874k.jpg?KID=imgbed,tva&Expires=1729098875&ssig=4S2mX1ibHE",与神明观电影,https://weibo.com/1793673231,0
5085886611459725,2205,1002,103, 北京,今天给@许嵩 演唱会做嘉宾、很多事情都很难忘！ http://t.cn/A6E9uj7P ​,65,2024-10-04,热门,https://weibo.com/5085886611459725/OA2iN67JX,"https://tvax3.sinaimg.cn/crop.0.0.1080.1080.180/001n5JAMly8gy5drr1p8fj60u00u041k02.jpg?KID=imgbed,tva&Expires=1729098875&ssig=m7rJFjWw0H",李玉刚,https://weibo.com/1257355460,0
5089720046717023,333,12,5, 湖南,男人一身黑 内裤必须是ck ​,23,2024-10-15,热门,https://weibo.com/5089720046717023/OBE1Ksbp5,"https://tvax1.sinaimg.cn/crop.0.0.664.664.180/007zGkUuly8hns07pyce4j30ig0igq4k.jpg?KID=imgbed,tva&Expires=1729098875&ssig=n8bPYwgv30",韦一航21GUNS,https://weibo.com/6940191742,0
5083208436418814,476,33,6, 江苏,惊了！原来这个男主有牛子呀……[汗] ​,34,2024-09-27,热门,https://weibo.com/5083208436418814/OyUD9qVPg,"https://tva1.sinaimg.cn/crop.0.0.1002.1002.180/40cb08acjw8fco5dc6dm2j20ru0ru0vo.jpg?KID=imgbed,tva&Expires=1729098875&ssig=SPYymnJrGm",刘冲LDART,https://weibo.com/1087047852,1
5090167742267926,156383,6846,885,,"#伍佰回应被叶珂吐槽歌猥琐#【黄晓明女友叶珂吐槽伍佰的歌猥琐，伍佰回应】据潇湘晨报：近日，黄晓明的新女友叶珂因在直播间里的言论，而引发了广泛的争议和负面评价。

首先，她在直播间中提到南北差异，认为北方人说话凶，像吵架，而广东人则较为温和，这番言论被认为既得罪了北方人也得罪了广东人。 ​",566,2024-10-16,热门,https://weibo.com/5090167742267926/OBPFQ9vZs,"https://tvax3.sinaimg.cn/crop.0.0.450.450.180/002wVUFrly8h8vgt7mcs2j60ci0ci0t002.jpg?KID=imgbed,tva&Expires=1729098875&ssig=U4Na9FwcQA",新浪热点,https://weibo.com/2318910945,0
5089664501810972,298,90,6, 北京,同一运营商的卡 同一位置  左边 iPhone 16pm 右边 vivo X200Pro [笑cry][笑cry][笑cry] http://t.cn/A6E3FetJ ​,102,2024-10-15,热门,https://weibo.com/5089664501810972/OBCAa7B7e,"https://tvax2.sinaimg.cn/crop.0.0.940.940.180/006qqdxLly8huk5e5iq60j30q40q4dia.jpg?KID=imgbed,tva&Expires=1729098875&ssig=cxSEv%2BK5Dn",我是张大头,https://weibo.com/5887230321,0
5090010193725576,302,120,7, 中国香港,应该是父女身上的穿戴可以购买多少粮食（换算）。 ​,46,2024-10-16,热门,https://weibo.com/5090010193725576/OBLzJfDbW,"https://tvax4.sinaimg.cn/crop.436.108.900.900.180/a014311dly8h7r62anfhej21900u00ud.jpg?KID=imgbed,tva&Expires=1729098875&ssig=wPJc1UU%2BeP",angadow,https://weibo.com/2685677853,1
5089843939904023,17,12,0, 江苏,算法给我推荐了一个健身直播间，点进去看了没一会，就被封了[允悲] ​,62,2024-10-15,热门,https://weibo.com/5089843939904023/OBHfzFyuj,"https://tvax3.sinaimg.cn/crop.0.0.1080.1080.180/91295f60ly8gd1j2m88jaj20u00u0why.jpg?KID=imgbed,tva&Expires=1729098875&ssig=fau9zQ%2Fg5i",机海风云,https://weibo.com/2435407712,1
5090094738311632,96,42,3, 上海,笑死我了 ​,8,2024-10-16,热门,https://weibo.com/5090094738311632/OBNM5ySeA,"https://tvax2.sinaimg.cn/crop.0.0.512.512.180/0073Uf2dly8fyclvw2jhtj30e80e8t95.jpg?KID=imgbed,tva&Expires=1729098875&ssig=1kARcW1Zz5",美1收割机,https://weibo.com/6470662997,0
5090051505258720,4927,102,231, 北京,"我说世界就是一个巨大的草台班子吧，刀刀Doutzen Kroes维密走秀高跟卡鞋掉了，然后连着卡起了一块地板…… 

#维密舞台 简陋# #维密翅膀# http://t.cn/A6ErvVkc ​",149,2024-10-16,热门,https://weibo.com/5090051505258720/OBMEmm424,"https://tvax3.sinaimg.cn/crop.0.0.811.811.180/005M7XdTly8h8vnv7l2aij30mj0mj3yz.jpg?KID=imgbed,tva&Expires=1729098875&ssig=irjp5EWmDN",橘子娱乐,https://weibo.com/5291824241,0
5088275360648926,6302,294,157, 广东,非要长得像沼泽才会沦陷吗，长的大行不行啊 ​,40,2024-10-11,热门,https://weibo.com/5088275360648926/OB2rC2IOy,"https://tvax4.sinaimg.cn/crop.0.0.450.450.180/005TqYybly8hrnuvofa2yj30ci0ciweq.jpg?KID=imgbed,tva&Expires=1729098875&ssig=VTd96Dnz1M",你那里好大呀,https://weibo.com/5399791927,1
5089629531276339,105,18,0, 上海,"起床出发🛫
带一位身份不明男子去嗨皮[纸飞机] ​",45,2024-10-15,热门,https://weibo.com/5089629531276339/OBBFL5m27,"https://tvax1.sinaimg.cn/crop.0.0.928.928.180/0061Z3hEly8hii5ls4ye8j30ps0psgnz.jpg?KID=imgbed,tva&Expires=1729098875&ssig=3y3JFoNF8p",欣诺表妹丷,https://weibo.com/5526123962,0
5089467645825817,361,67,1, 北京,游戏手机的游戏结束了 ​,20,2024-10-14,热门,https://weibo.com/5089467645825817/OBxsEoryN,"https://tvax1.sinaimg.cn/crop.0.0.1080.1080.180/006bWoNYly8hltcxqxndij30u00u0dir.jpg?KID=imgbed,tva&Expires=1729098875&ssig=JuiTUwcR6P",i冰宇宙,https://weibo.com/5673255066,1
5086129475551562,513,215,25, 安徽,近视手术就是一场彻头彻尾的骗局 ​​,35,2024-10-05,热门,https://weibo.com/5086129475551562/OA8Cvnidk,"https://tvax3.sinaimg.cn/crop.0.0.1080.1080.180/e5727878ly8ge1hmxpsj2j20u00u0gnn.jpg?KID=imgbed,tva&Expires=1729098877&ssig=yoXS7DjiQ6",强强记事,https://weibo.com/3849484408,1
5082451094801411,4914,751,189, 河南,1992年，22岁的毛新宇同志在延安采风，和乡亲们一起干农活。 ​,56,2024-09-25,热门,https://weibo.com/5082451094801411/OyAVDk947,"https://tvax4.sinaimg.cn/crop.0.0.1080.1080.180/6cd3e671ly8hua94ngcl5j20u00u0dia.jpg?KID=imgbed,tva&Expires=1729098877&ssig=2pmlUXQn%2Bc",李大柱之冠,https://weibo.com/1825826417,1
5083035655209425,105,3,8, 山东,口腔碰到水后，大脑会收到信号，误以为人体进水，从而缓解口渴的感觉。运动后短时间补充大量水，会给胃部造成很大冲击，容易胃痉挛。#有趣的歪果仁[超话]# http://t.cn/A6E5n4Tv ​,165,2024-09-27,热门,https://weibo.com/5083035655209425/OyQ8tlRcZ,"https://tvax3.sinaimg.cn/crop.0.0.535.535.180/007fzqVOly8hs2ncu9g04j30ev0ev74v.jpg?KID=imgbed,tva&Expires=1729098877&ssig=4WaBn9tl4B",俏皮软妹子,https://weibo.com/6643019872,1
5086905652218820,1339,145,19, 北京,还是以前的台词真实啊 ​​​,27,2024-10-07,热门,https://weibo.com/5086905652218820/OAsOp9jdq,"https://tvax4.sinaimg.cn/crop.0.0.600.600.180/0074yz15ly8hoqrdsi9g5j30go0gogn6.jpg?KID=imgbed,tva&Expires=1729098877&ssig=zpmhOgB9vv",风尚浪尖,https://weibo.com/6480272927,1
5088810446619777,206,15,1, 美国,在美十年以上的人的英文水平一览： ​,32,2024-10-13,热门,https://weibo.com/5088810446619777/OBgmErM6B,"https://tvax3.sinaimg.cn/crop.0.0.1080.1080.180/007FOBgqly8h9118js4coj30u00u076t.jpg?KID=imgbed,tva&Expires=1729098877&ssig=3afEsczVqs",马格8子,https://weibo.com/7030819246,0
5089165509657893,109594,65823,84603, 陕西,"「呼吸之野」西安站
晚安 长安 ​",28,2024-10-13,热门,https://weibo.com/5089165509657893/OBpBkEwst,"https://tvax2.sinaimg.cn/crop.0.0.1080.1080.180/001mF4nuly8gq9uw04nu7j60u00u0q5402.jpg?KID=imgbed,tva&Expires=1729098877&ssig=kxCGfOgFzL",许嵩,https://weibo.com/1251000504,0
5090103993565482,62,8,9, 浙江,"检测员看到患者指甲下血管后惊呼：“真可爱，是颗小爱心！”
患者：“真的好可爱耶！那代表什么意思？”
检测员：“你糖分摄取太多了。”
患者：“好噢。”

显微镜下检测指甲下的血管，具体是使用甲襞毛细血管镜观测甲襞下微循环状态，以判断全身微循环状态。一般是检查左手无名指，将左手无名指指甲 ​",432,2024-10-16,热门,https://weibo.com/5090103993565482/OBO11eXxM,"https://tvax2.sinaimg.cn/crop.0.0.512.512.180/7f1e426bly8gnlp0kgfxgj20e80e8glu.jpg?KID=imgbed,tva&Expires=1729098877&ssig=H7ynlXf%2BKm",我药你笑,https://weibo.com/2132689515,1
5090187837441923,45,0,3,,#成都官方辟谣天价拆迁款# 【成都大规模拆迁？有人获赔超千万？官方辟谣来了！】最近几天，关于成都的拆迁话题引发网友热议。此前，一张全网疯传的成都市拆迁地图显示了成都多地进行拆迁，更有部分网友表示自己通过拆迁拿到了大量赔偿款，直接荣升“拆二代”。真相到底是什么？一起来看！ ​,316,2024-10-16,热门,https://weibo.com/5090187837441923/OBQcfvdZ1,"https://tvax3.sinaimg.cn/crop.0.0.600.600.180/0080Imygly8h8pq4vw8ygj30go0gomyz.jpg?KID=imgbed,tva&Expires=1729098877&ssig=Mzk8tBOLA5",成都网络辟谣,https://weibo.com/7339635780,0
5090109429385462,1686,111,195, 重庆,这是真的假的啊荒谬到会让我怀疑这是不是p的 ​,41,2024-10-16,热门,https://weibo.com/5090109429385462/OBO9MDnAq,"https://tvax3.sinaimg.cn/crop.0.0.564.564.180/0069ATWUly8hsc1qyjvapj30fo0fo0sy.jpg?KID=imgbed,tva&Expires=1729098877&ssig=pMq%2Frmqs1f",0x007e,https://weibo.com/5638578896,1
5090059432756055,78,29,9, 天津,画质亦有区别 ​,12,2024-10-16,热门,https://weibo.com/5090059432756055/OBMR9byYv,"https://tvax1.sinaimg.cn/crop.0.0.400.400.180/0071s5omly8h8w54bo8e1j30b40b43yl.jpg?KID=imgbed,tva&Expires=1729098877&ssig=yEOVnTJ4ng",Chrome-Google浏览器,https://weibo.com/6434400074,1
5089379018085205,144,7,10, 安徽,#药水哥近况#我印象中的药水哥，还我药水酱！！ http://t.cn/A6EuosKK ​,65,2024-10-14,热门,https://weibo.com/5089379018085205/OBv9HxVkx,"https://tvax3.sinaimg.cn/crop.0.0.1080.1080.180/001ks3BOly8h8ug2u3zumj60u00u0wf602.jpg?KID=imgbed,tva&Expires=1729098877&ssig=%2B85i8zqXfU",芒果妈妈,https://weibo.com/1218346612,0
5080833163003157,2982,436,43, 陕西,简直匪夷所思[思考] ​,18,2024-09-21,热门,https://weibo.com/5080833163003157/OxUQ4cBg1,"https://tvax4.sinaimg.cn/crop.0.0.828.828.180/8ee5b070ly8gnrch40wtxj20n00n0jss.jpg?KID=imgbed,tva&Expires=1729098877&ssig=4rLneFJVyG",峰哥亡命天涯,https://weibo.com/2397417584,1
5089080104452463,355,126,7, 河北,你包皮过长吗？ ​,14,2024-10-13,热门,https://weibo.com/5089080104452463/OBnnAiGhV,"https://tvax3.sinaimg.cn/crop.0.0.511.511.180/0069UQXvly8hl71iv46mhj30e70e7mxm.jpg?KID=imgbed,tva&Expires=1729098877&ssig=IGKjdIWSzO",疯狂地撞击着,https://weibo.com/5643333961,0
5089777829281940,211,10,7, 甘肃,最纯犟的那年......喷不了这是真犟啊🤣🤣 ​,42,2024-10-15,热门,https://weibo.com/5089777829281940/OBFwWCWEI,"https://tvax1.sinaimg.cn/crop.0.0.512.512.180/bd849810ly8hmjo7he9hyj20e80e8mxk.jpg?KID=imgbed,tva&Expires=1729098877&ssig=VzmaFWnTYs",陈皓然icon,https://weibo.com/3179583504,0
5090223632158795,13,4,1,,我必须好好犒劳安慰下自己呢？？？ ​,18,2024-10-16,实时,https://weibo.com/5090223632158795/OBR7Z93Bh,"https://tvax3.sinaimg.cn/crop.0.0.512.512.180/e60e1c65ly8hd2zboqm1lj20e80e8mxt.jpg?KID=imgbed,tva&Expires=1729098881&ssig=z%2BN3iIT4km",靓靓兔女郎,https://weibo.com/3859684453,0
5090226702124915,0,0,0,,#伍佰回应被叶珂吐槽歌猥琐#我真的不明白为什么黄晓明妈妈能允许一个这么上不得台面的东西进门，之前不说很喜欢AB吗，就算为了小海绵也不应该找后妈吧😮‍💨要是放到我家出轨会被家长打死骂死 ​,93,2024-10-16,实时,https://weibo.com/5090226702124915/OBRcW8UMP,"https://tvax3.sinaimg.cn/crop.0.0.1080.1080.180/00610cNIly8gjezo6z2w3j30u00u0jv7.jpg?KID=imgbed,tva&Expires=1729098881&ssig=QTLtkAGm3%2F",婷止存在8,https://weibo.com/5511622538,0
5090199014473884,96,17,0,,完全就是妈妈啊 ​,9,2024-10-16,实时,https://weibo.com/5090199014473884/OBQuhiLRq,"https://tvax1.sinaimg.cn/crop.0.0.512.512.180/006LDh85ly8hufsqwlj6nj30e80e8t8x.jpg?KID=imgbed,tva&Expires=1729098881&ssig=DIv3Rbn2TN",小兵徐嘎,https://weibo.com/6200645425,0
5090226702123654,0,0,0,,"中午吃的夸父和煎饼果子，撑的打嗝，
晚上做的菜又很下饭，到现在都胃胀[doge] ​",42,2024-10-16,实时,https://weibo.com/5090226702123654/OBRcW8Usu,"https://tvax3.sinaimg.cn/crop.0.0.1002.1002.180/006WFEHUly8gsfbx1k7llj30ru0ruwgk.jpg?KID=imgbed,tva&Expires=1729098881&ssig=5ioNmzTYbZ",betterBonnie,https://weibo.com/6363752410,0
5090222427866812,5,1,0,,🧸 ​,3,2024-10-16,实时,https://weibo.com/5090222427866812/OBR62x0w4,"https://tvax4.sinaimg.cn/crop.0.0.512.512.180/007fJbMEly8hssf4pmq72j30e80e8aaj.jpg?KID=imgbed,tva&Expires=1729098881&ssig=hkZvmgqq5x",_钞票好多zhang,https://weibo.com/6645344924,0
5090226701863890,0,0,0,,心情极其不美丽！！！！ ​,13,2024-10-16,实时,https://weibo.com/5090226701863890/OBRcW7OSK,"https://tvax4.sinaimg.cn/crop.0.0.600.600.180/cd31f4e8ly8hulfd8owf0j20go0godgg.jpg?KID=imgbed,tva&Expires=1729098881&ssig=%2FmKf31nuhd",October10AMO-,https://weibo.com/3442603240,0
5090225838361153,3,2,0,,new dress ​,11,2024-10-16,实时,https://weibo.com/5090225838361153/OBRbxz57j,"https://tvax3.sinaimg.cn/crop.0.0.1080.1080.180/6a16e31ely8hl3jxw7j4wj20u00u0dhw.jpg?KID=imgbed,tva&Expires=1729098881&ssig=dqSnqdDb7n",野生现充宅,https://weibo.com/1779884830,0
5090226605399756,0,0,0,,"2024.10.16周三
十天的云南之旅结束了，收拾好心情重新出发[耶]  ​",39,2024-10-16,实时,https://weibo.com/5090226605399756/OBRcMmEIQ,"https://tvax4.sinaimg.cn/crop.0.0.640.640.180/e8ba8766ly8g8120aavm5j20hs0hs0t9.jpg?KID=imgbed,tva&Expires=1729098881&ssig=OVxNGV2pME",从我的全世界路过你的心,https://weibo.com/3904538470,0
5090226701860940,0,0,0,,"被资助搞晕了 根本搞不赢 
创先争优还一直这个有问题那个有意见
我不行 真的不行[微风] ​",46,2024-10-16,实时,https://weibo.com/5090226701860940/OBRcW7O7a,"https://tvax1.sinaimg.cn/crop.0.0.1080.1080.180/005HBg3uly8hu7aj8datjj30u00u0dhj.jpg?KID=imgbed,tva&Expires=1729098881&ssig=xFtuVeCzQF",我吃不到馒头了,https://weibo.com/5224926464,0
5090226701600634,0,0,0,,又搞砸了，什么都搞砸了 ​,13,2024-10-16,实时,https://weibo.com/5090226701600634/OBRcW6IoG,"https://tvax3.sinaimg.cn/crop.0.0.1080.1080.180/bcc76bably8hqnfm217noj20u00u0wel.jpg?KID=imgbed,tva&Expires=1729098881&ssig=6rG6U1bQd5",CC_ONE_Studio,https://weibo.com/3167185835,0
5090219462756374,10,6,0,,"zt腰腹环吸+填臀47天反馈
图1-图6: 术后
图7-图8: 术前
我就看能发出来不！！ ​",47,2024-10-16,实时,https://weibo.com/5090219462756374/OBR1gbz3E,"https://tvax1.sinaimg.cn/crop.0.0.690.690.180/0086StpSly8hhveycgqoej30j60j60tg.jpg?KID=imgbed,tva&Expires=1729098881&ssig=4ZjPn0%2BZS1",天天都要吃泡菜,https://weibo.com/7430703464,0
5090226701600288,0,0,0,,"倒计时66天
1.已经开始二刷阅读，分配给英语政治的时间少很多，同时也开始了完型和翻译，大概率不会看课，自己琢磨➕看看解析，这篇完型正确率还行，对完型要求也不高5-7分即可。
2.政治直接先二刷史纲，马原了。正确率一般，随便吧，查漏补缺考前记住就行
3.每天就是吃吃睡睡学学学，还是不知道到底来 ​",149,2024-10-16,实时,https://weibo.com/5090226701600288/OBRcW6Ij6,"https://tvax4.sinaimg.cn/crop.0.0.1000.1000.180/ded11f41ly8htr3zalk0mj20rs0rs763.jpg?KID=imgbed,tva&Expires=1729098881&ssig=pse2ul9AUe",糖糕烤熟了5277,https://weibo.com/3738246977,0
5090140116484186,27,3,0,,库存🍁  ​,6,2024-10-16,实时,https://weibo.com/5090140116484186/OBOXhrcPE,"https://tvax4.sinaimg.cn/crop.0.0.512.512.180/0076vUlEly8h8gn075g8hj30e80e83yv.jpg?KID=imgbed,tva&Expires=1729098881&ssig=4nSqMIPXO2",Latiannn,https://weibo.com/6509192614,0
5090226701599521,0,0,0,,"她在冰箱放着，这一颗伤心___
不准买了！停止。 ​",26,2024-10-16,实时,https://weibo.com/5090226701599521/OBRcW6I6J,"https://tvax1.sinaimg.cn/crop.0.0.1080.1080.180/006gFjXEly8hq1j35ler1j30u00u00v4.jpg?KID=imgbed,tva&Expires=1729098881&ssig=MkEJOUKRi8",AllIHaveIsLuck,https://weibo.com/5743066550,0
5090215520375621,4,3,0,,我希望自己可以很漂亮，我想变漂亮 ​,18,2024-10-16,实时,https://weibo.com/5090215520375621/OBQUU1zIp,"https://tvax4.sinaimg.cn/crop.0.0.996.996.180/006TL6OMly8g8r3evd4apj30ro0rowgi.jpg?KID=imgbed,tva&Expires=1729098881&ssig=S2Y0HjOF%2Bq",哈咯梨花,https://weibo.com/6320723100,0
5090226701598939,0,0,0,,心情不好的时候会去收点卡解压 结果打开闲鱼看见全是假卡婆血压更高了 ​,35,2024-10-16,实时,https://weibo.com/5090226701598939/OBRcW6HXl,"https://tvax2.sinaimg.cn/crop.0.0.750.750.180/006OKz8mly8ge9jsttl84j30ku0kut9b.jpg?KID=imgbed,tva&Expires=1729098881&ssig=hp5aQqz8z%2B",被小狗拥抱了,https://weibo.com/6246711938,0
5090226480090252,0,0,0,,第一次直观感受到了月亮潮汐引力作用，在这个满月的时刻。 ​,29,2024-10-16,实时,https://weibo.com/5090226480090252/OBRcA0ntG,"https://tvax3.sinaimg.cn/crop.0.0.1080.1080.180/6f8f14f1ly8hl6i87rdk0j20u00u010r.jpg?KID=imgbed,tva&Expires=1729098881&ssig=slSp2Y13dO",典当七秒,https://weibo.com/1871647985,0
5090197853704056,5,1,0,,谁懂 ​,4,2024-10-16,实时,https://weibo.com/5090197853704056/OBQspfxAQ,"https://tvax2.sinaimg.cn/crop.0.0.1080.1080.180/0071IKS3ly8h6sqfnlwvej30u00u1weq.jpg?KID=imgbed,tva&Expires=1729098881&ssig=Frw%2Bjzg%2Bx0",不开心时脸超黑,https://weibo.com/6438372767,0
5090226701338732,0,0,0,,"隔离 多遥远的词
新冠都没有被隔离过
要离开武汉整出这么多破事
医生让我住院隔离让家属送洗漱用品的时候我苦笑着说我没有家属 好心酸哦 ​",68,2024-10-16,实时,https://weibo.com/5090226701338732/OBRcW5Cgs,"https://tvax3.sinaimg.cn/crop.0.0.1080.1080.180/ac59930fly8hpvxg1ae7hj20u00u0gok.jpg?KID=imgbed,tva&Expires=1729098881&ssig=BmIHHIuIrB",月亮挂在星空吹起夏夜晚风,https://weibo.com/2891551503,0
5090226701337265,0,0,0,,再次听到你的名字，是从旁人口中。也是，久未联系，仅此而已。 ​,31,2024-10-16,实时,https://weibo.com/5090226701337265/OBRcW5BSN,"https://tvax1.sinaimg.cn/crop.0.0.1080.1080.180/007gZQT9ly8h8do0yl1ioj30u00u0wgd.jpg?KID=imgbed,tva&Expires=1729098881&ssig=eSFpICcU70",啷哩个啷孽力全反弹,https://weibo.com/6664092515,0
5090147869657347,43,7,2,,九寨沟美的失语  ​,10,2024-10-16,实时,https://weibo.com/5090147869657347/OBP9MEwjF,"https://tvax3.sinaimg.cn/crop.0.0.1080.1080.180/005VLLJyly8h4bk6se96xj30u00u0q5i.jpg?KID=imgbed,tva&Expires=1729098882&ssig=SSTvVz%2Bl%2B2",Yer_ccccc,https://weibo.com/5434300220,0
5090225897082496,1,1,0,,我请问呢..这个b耳洞一周不戴你就长严实了吗 ​,24,2024-10-16,实时,https://weibo.com/5090225897082496/OBRbDtItO,"https://tvax3.sinaimg.cn/crop.0.0.512.512.180/006Vsrrmly8hubysf1wxyj30e80e8dg1.jpg?KID=imgbed,tva&Expires=1729098882&ssig=JMuEC%2Fkzyi",别骂我我的心是薯片,https://weibo.com/6345826812,0
5090225287856470,2,1,0,,今天是献血茵. ​,9,2024-10-16,实时,https://weibo.com/5090225287856470/OBRaEwXPg,"https://tvax4.sinaimg.cn/crop.0.0.1080.1080.180/8821a7bbly8hq356pwgjzj20u00u0mzu.jpg?KID=imgbed,tva&Expires=1729098882&ssig=G6cFK58niA",Mickeysheepppp,https://weibo.com/2283907003,0
5090147761390757,11,1,1,,分享图片 ​,6,2024-10-16,实时,https://weibo.com/5090147761390757/OBP9C5PNz,"https://tvax4.sinaimg.cn/crop.0.0.512.512.180/a775d7a9ly8hotpmrwux5j20e80e80tu.jpg?KID=imgbed,tva&Expires=1729098882&ssig=tV%2BOd%2B5XAc",邵蓉霞,https://weibo.com/2809517993,0
5090192510159279,13,2,0,,"当阳光倾泻下来
秋日飘零的落日也有了美丽的归宿
金灿灿 让人绚烂夺目[爱慕]
#秋日##银川#  ​",50,2024-10-16,实时,https://weibo.com/5090192510159279/OBQjN0Fr1,"https://tvax3.sinaimg.cn/crop.0.0.1080.1080.180/006cKmnhly8huol3y0zsgj30u00u00tz.jpg?KID=imgbed,tva&Expires=1729098882&ssig=aKTUIizhiG",小雅如熏pain,https://weibo.com/5685162123,0
5090224726869444,1,0,0,,我只是想装一下[老师好] ​,14,2024-10-16,实时,https://weibo.com/5090224726869444/OBR9KsP3u,"https://tvax2.sinaimg.cn/crop.0.0.1080.1080.180/005RUOscly8hu8vix7fo0j30u00u1gn6.jpg?KID=imgbed,tva&Expires=1729098882&ssig=dK8HyqbYTx",我说男的别来烦听不懂话吗,https://weibo.com/5377350284,0
5090226333024377,0,1,0,,一家三口[馋嘴] ​,10,2024-10-16,实时,https://weibo.com/5090226333024377/OBRclcGMh,"https://tvax1.sinaimg.cn/crop.0.0.1080.1080.180/9d002ab3ly8gyezka8zp3j20u00u0n02.jpg?KID=imgbed,tva&Expires=1729098882&ssig=R5atwaFnTs",-董冰冰,https://weibo.com/2634033843,0
5090226438145690,1,0,0,,让人平静的日子就是好日子 ​,14,2024-10-16,实时,https://weibo.com/5090226438145690/OBRcvyb46,"https://tvax2.sinaimg.cn/crop.0.0.512.512.180/008DGxEUly8hs1ndfipf7j30e80e8gmt.jpg?KID=imgbed,tva&Expires=1729098882&ssig=t%2B4xxKr48K",麦嘟嘟小丑鱼,https://weibo.com/7915478924,
5090225505963521,1,0,0,,位于突尼斯杰姆市的世界第二大斗兽场。 ​,20,2024-10-16,实时,https://weibo.com/5090225505963521/OBRb0p1nP,"https://tvax2.sinaimg.cn/crop.0.0.996.996.180/be660c06ly8fzwuupllraj20ro0ro0v2.jpg?KID=imgbed,tva&Expires=1729098882&ssig=9SMZzAAB19",阳光yangguangliuwei,https://weibo.com/3194358790,0
5090226330403282,2,0,0,,"喜欢小狗
喜欢一切生活中的阳光[打call] ​",24,2024-10-16,实时,https://weibo.com/5090226330403282/OBRcl1GUy,"https://tvax1.sinaimg.cn/crop.0.0.1080.1080.180/006UScp6ly8h28ebx3ydfj30u00u0ac6.jpg?KID=imgbed,tva&Expires=1729098882&ssig=qBCONXqfgX",MEIld-,https://weibo.com/6337189204,0
5090226137730904,1,0,0,,第二次到这个城市，不同风景，美！  ​,19,2024-10-16,实时,https://weibo.com/5090226137730904/OBRc1wra0,"https://tvax1.sinaimg.cn/crop.0.0.1080.1080.180/63e79ca9ly8he43j894cjj20u00u0wl9.jpg?KID=imgbed,tva&Expires=1729098882&ssig=P6dLg5RYLt",石姐姐_2007,https://weibo.com/1676123305,0
5090092554911768,37,4,1, 上海,开心心  ᖰ⌯'▾'⌯ᖳ ​,20,2024-10-16,同城,https://weibo.com/5090092554911768/OBNIzkBM4,"https://tvax4.sinaimg.cn/crop.0.0.1080.1080.180/005SkaAyly8huankuasbuj30u00u0q5x.jpg?KID=imgbed,tva&Expires=1729098886&ssig=ftupcxK2nB",没有猫耳的世界好忧伤,https://weibo.com/5383393570,0
5090213183100045,0,0,0, 上海,👸🏻🏰  ​,33,2024-10-16,同城,https://weibo.com/5090213183100045/OBQR8d0sJ,"https://tvax4.sinaimg.cn/crop.0.0.512.512.180/697d9846ly8hkzz2178oqj20e80e83z1.jpg?KID=imgbed,tva&Expires=1729098886&ssig=Yfi%2Bxn1xTQ",-数羊,https://weibo.com/1769838662,0
5089780105478738,13,20,1, 上海,辛苦了一个月  ​,33,2024-10-15,同城,https://weibo.com/5089780105478738/OBFACmZgK,"https://tvax2.sinaimg.cn/crop.0.0.1080.1080.180/005EEmh0ly8hsqup9umqxj30u00u0447.jpg?KID=imgbed,tva&Expires=1729098886&ssig=19%2BvRaO8zI",给我一些过期的安眠药so,https://weibo.com/5181336342,0
5090156455658885,0,0,0, 江苏,连环炮…. http://t.cn/A6EdhTMS ​,30,2024-10-16,同城,https://weibo.com/5090156455658885/OBPnDnK8l,"https://tvax3.sinaimg.cn/crop.0.0.512.512.180/007dAUKmly8hoejf1x4s2j30e80e80t4.jpg?KID=imgbed,tva&Expires=1729098886&ssig=o%2BZf6IQjSX",Yyyyy-01,https://weibo.com/6613820138,0
5089900522899355,18,19,0, 上海,[泪]心情不好大晚上想do ​,22,2024-10-16,同城,https://weibo.com/5089900522899355/OBIIQcafN,"https://tvax1.sinaimg.cn/crop.0.0.996.996.180/00745Nldly8fnx2efyzouj30ro0rodht.jpg?KID=imgbed,tva&Expires=1729098886&ssig=dwlUGoPPzB",我爱你不后悔也,https://weibo.com/6473416479,0
5090036645626128,2594,237,53, 江苏,好适合这种[送花花][送花花] ​,26,2024-10-16,同城,https://weibo.com/5090036645626128/OBMgonBC0,"https://tvax3.sinaimg.cn/crop.0.0.1080.1080.180/006G1zU2ly8hsxlxtix2uj30u00u041g.jpg?KID=imgbed,tva&Expires=1729098886&ssig=sUNKEPpzwA",王可可爱撸铁,https://weibo.com/6117779446,1
5090177800999253,2,0,1, 上海,工作的本质  ​,30,2024-10-16,同城,https://weibo.com/5090177800999253/OBPW44bWZ,"https://tvax3.sinaimg.cn/crop.0.0.600.600.180/9a30fdaely8hpy8kfxvw3j20go0gojty.jpg?KID=imgbed,tva&Expires=1729098886&ssig=gz30gAmIv5",游侠客尤记,https://weibo.com/2586901934,0
5090028705547142,5,5,0, 上海,实不相瞒 我真有猫咪纹[白眼] ​,27,2024-10-16,同城,https://weibo.com/5090028705547142/OBM3Anh42,"https://tvax3.sinaimg.cn/crop.0.0.1024.1024.180/006TCzQrly8hnv8fo9jsmj30sg0sgn0a.jpg?KID=imgbed,tva&Expires=1729098886&ssig=waeS9%2B9BHA",Baby_G_Park,https://weibo.com/6318689727,0
5090176877724872,27,11,1, 上海,"祝24岁的自己永远不死
越来越牛  ​",49,2024-10-16,同城,https://weibo.com/5090176877724872/OBPUzwpAI,"https://tvax4.sinaimg.cn/crop.0.0.512.512.180/006GTmFwly8hoxb0yva27j30e80e8aae.jpg?KID=imgbed,tva&Expires=1729098886&ssig=I4PZqyWuVB",今天想要跟你一起吃饭,https://weibo.com/6130598286,0
5089704202733641,53,20,0, 上海,地铁少女  ​,28,2024-10-15,同城,https://weibo.com/5089704202733641/OBDCcbt8Z,"https://tvax2.sinaimg.cn/crop.0.0.1080.1080.180/006JA35Xly8htz8vp3796j30u00u00vg.jpg?KID=imgbed,tva&Expires=1729098888&ssig=Jsa7aOWBRJ",k80s,https://weibo.com/6170323821,0
5089044312887666,716,110,60, 上海,回母校假装女大学生的一天[打call]  ​,52,2024-10-13,同城,https://weibo.com/5089044312887666/OBmrRc7dg,"https://tvax2.sinaimg.cn/crop.0.0.1080.1080.180/006yUWSnly8h19i5fyvtoj30u00u040y.jpg?KID=imgbed,tva&Expires=1729098888&ssig=j8tnBW9Zgs",UU子不想再想名字了,https://weibo.com/6012765107,0
5089017435787876,16,7,0, 上海,与其打卡三件套，不如直接住进金茂君悦～  ​,58,2024-10-13,同城,https://weibo.com/5089017435787876/OBlKvohGQ,"https://tvax1.sinaimg.cn/crop.0.0.1080.1080.180/005xJSjOly8hum91gtzb8j30u00u0ad0.jpg?KID=imgbed,tva&Expires=1729098888&ssig=oZoEbBdLu5",hello金多多-,https://weibo.com/5079216812,0
5089837902989280,63,24,0, 上海,如果我再搭配黑丝 ​,16,2024-10-15,同城,https://weibo.com/5089837902989280/OBH5QcxEc,"https://tvax3.sinaimg.cn/crop.0.0.859.859.180/0089jebKly8ht860bjaxaj30nv0nvq55.jpg?KID=imgbed,tva&Expires=1729098888&ssig=ZsfC%2FNkLlY",肥肠大大帅,https://weibo.com/7466632456,0
5089025058149743,6,4,1, 上海,新家  ​,25,2024-10-13,同城,https://weibo.com/5089025058149743/OBlWNyc7t,"https://tva2.sinaimg.cn/crop.0.0.180.180.180/8057980djw1e8qgp5bmzyj2050050aa8.jpg?KID=imgbed,tva&Expires=1729098888&ssig=bn5AR2Lwhn",一棹凌烟,https://weibo.com/2153224205,0
5089914541047922,2,2,0, 上海,"他说先等我毕业再说其他的[二哈]
等我上完学再说 嘻嘻 ​",50,2024-10-16,同城,https://weibo.com/5089914541047922/OBJ5s4oBY,"https://tvax1.sinaimg.cn/crop.0.0.1080.1080.180/008BvC2cly8huocc3ok5yj30u00u0mzj.jpg?KID=imgbed,tva&Expires=1729098888&ssig=7kCSM0id2s",Robbery_123,https://weibo.com/7883321464,0
5090061571853165,756,103,10, 重庆,更新这套咯@觅圈觅圈 ​,19,2024-10-16,同城,https://weibo.com/5090061571853165/OBMUB7M5L,"https://tvax2.sinaimg.cn/crop.0.0.1080.1080.180/008x0A8bly8hqupejb3f1j30u00u0acg.jpg?KID=imgbed,tva&Expires=1729098888&ssig=cwpsuEYnya",周可儿yyy,https://weibo.com/7816820635,1
5089446135597733,7,7,0, 上海,"在河南没吃到的胡辣汤，在上海吃了。真的好辣。  
牛肉饼绝！又便宜又好吃！！！  ​",96,2024-10-14,同城,https://weibo.com/5089446135597733/OBwTXnue1,"https://tvax1.sinaimg.cn/crop.0.0.440.440.180/006FRjf1ly8h1n1xvq3l9j30c80c8aae.jpg?KID=imgbed,tva&Expires=1729098888&ssig=Dy3wQ%2BOYYv",别吃韭菜了,https://weibo.com/6115332119,0
5090095289337638,7,10,0, 上海,我不管 谈不到一定要睡到[揣手][揣手][揣手] ​,41,2024-10-16,同城,https://weibo.com/5090095289337638/OBNMYDb94,"https://tvax2.sinaimg.cn/crop.0.0.1015.1015.180/006ysmCQly8hdaufl9aoej30s70s7mz4.jpg?KID=imgbed,tva&Expires=1729098888&ssig=WH3pfpgj7Y",墨尔本的夕阳_,https://weibo.com/6005952576,0
5089660317729727,78,0,0, 上海,不想当第二 ​,10,2024-10-15,同城,https://weibo.com/5089660317729727/OBCtpwqR1,"https://tvax1.sinaimg.cn/crop.0.0.512.512.180/8e780c61ly8gy5aqelcd4j20e80e8jrx.jpg?KID=imgbed,tva&Expires=1729098888&ssig=8lnbpzJdcN",-老鼠哥哥-,https://weibo.com/2390232161,0
5090118704825289,3191,160,20, 日本,？？？ ​,6,2024-10-16,热门,https://weibo.com/5090118704825289/OBOoKkfhf,"https://tvax2.sinaimg.cn/crop.0.0.1080.1080.180/0066CcwRly8gv4tzki32hj60u00u0mz002.jpg?KID=imgbed,tva&Expires=1729100252&ssig=2%2BHoSDd5Nw",迷惑行為大賞,https://weibo.com/5594559637,0
5089824928696492,508,20,44, 湖南,国外网黄也来国内旅游了哈哈哈哈 ​,30,2024-10-15,热门,https://weibo.com/5089824928696492/OBGKUAum0,"https://tvax2.sinaimg.cn/crop.0.0.600.600.180/0076CrEqly8hiqajbie05j30go0godga.jpg?KID=imgbed,tva&Expires=1729100252&ssig=FiwxbAQIBB",下大垅,https://weibo.com/6510750598,1
5090064996502848,374,49,11, 山东,"2024.10.12  两口子在印尼松巴岛的合影

布莱特肉眼可见的快被吸干了 ​",64,2024-10-16,热门,https://weibo.com/5090064996502848/OBN07rhGE,"https://tvax4.sinaimg.cn/crop.0.0.1080.1080.180/007LofpWly8hs4asvl2efj30u00u0wh6.jpg?KID=imgbed,tva&Expires=1729100252&ssig=aKfDVUtyW%2B",鱼鱼鱼要热爱生活,https://weibo.com/7113196756,0
5089433812732643,272,48,30, 北京,1000块就可以用手指慢慢地打开看 http://t.cn/A6E37ldy ​,51,2024-10-14,热门,https://weibo.com/5089433812732643/OBwA5bsST,"https://tvax3.sinaimg.cn/crop.0.0.600.600.180/007Y7SRMly8hn674f0uz9j30go0go403.jpg?KID=imgbed,tva&Expires=1729100252&ssig=lOkpwkaud2",米浴厨,https://weibo.com/7301389190,0
5087935904874864,7879,570,159, 上海,"掏耳洞这么久，你真的会掏耳洞吗？

#tomsifted# ​",45,2024-10-10,热门,https://weibo.com/5087935904874864/OATC6ksaQ,"https://tvax1.sinaimg.cn/crop.0.0.495.495.180/006yDexJly8homt59as7lj30dr0drjrj.jpg?KID=imgbed,tva&Expires=1729100252&ssig=80lL7mGxRy",SadBoyTom,https://weibo.com/6008543115,1
5085857038733726,2538,466,92, 广东,40年变化，是洗发水改变了我们。[并不简单] ​,40,2024-10-04,热门,https://weibo.com/5085857038733726/OA1x5AE2y,"https://tvax2.sinaimg.cn/crop.0.0.1080.1080.180/008yp4y7ly8hfjom8211tj30u00u0q5p.jpg?KID=imgbed,tva&Expires=1729100252&ssig=Ioln1lPPV4",深圳陶玥,https://weibo.com/7837433771,0
5089450977134729,227,8,8, 上海,少年派的秘密生活 ​,16,2024-10-14,热门,https://weibo.com/5089450977134729/OBx1LtW4h,"https://tvax2.sinaimg.cn/crop.0.0.600.600.180/002jIG4tly8hduqr8jy4zj60go0godj502.jpg?KID=imgbed,tva&Expires=1729100252&ssig=ybXYd%2F9WwK",英式没品笑话百科,https://weibo.com/2123664205,0
5088770609120287,2960,122,262, 河南,"经典回顾‼️

5年前，Cardi B的经典名曲「right now i wanna suck ur 🍆」正式问世。

“炎炎夏日，Cardi B将其丈夫Offset灌醉过后欲逍遥一番，谁知姐夫不胜酒力，当场睡戳。Cardi B气得声泪俱下，面对昏睡的丈夫她却无可奈何，试图用听西语歌的方式转移自己注意力，谁知人一来劲听什么都来劲，最终 ​",392,2024-10-12,热门,https://weibo.com/5088770609120287/OBfkoCgBp,"https://tvax3.sinaimg.cn/crop.0.0.960.960.180/624027f5ly8hg4swjiu5zj20qo0qomzt.jpg?KID=imgbed,tva&Expires=1729100252&ssig=tqkajwD7eF",Google一下下,https://weibo.com/1648371701,0
5089734639226443,360,79,11, 北京,华为和小米没意见……粉丝倒不干了[doge] ​,38,2024-10-15,热门,https://weibo.com/5089734639226443/OBEphCIdB,"https://tvax2.sinaimg.cn/crop.72.0.536.536.180/b8f862fdly8gdizsyt4lqj20j60j6t9b.jpg?KID=imgbed,tva&Expires=1729100252&ssig=Wl8gpwsVeE",科技怪咖,https://weibo.com/3103286013,1
5090180736225541,224,57,0, 天津,哎，其实从官博评论区数量变化也能看得出最近几个月流失玩家不少，或者说连骂的人都变少了，我记得最开始基本上每天几千评论是有的，遇到热门一点的新式神新皮肤上万不是问题。后面慢慢变成几百，到现在一条一两百。有时候想想玩家肯骂还说明多少有些感情，等到骂都不骂的时候，就表明已经失望到一定程 ​,318,2024-10-16,热门,https://weibo.com/5090180736225541/OBQ0Nq7xX,"https://tvax4.sinaimg.cn/crop.0.0.828.828.180/006gMa6wly8h9hbz61gysj30n00n03zi.jpg?KID=imgbed,tva&Expires=1729100252&ssig=Q3DWrzfIQ%2B",痒痒鼠办事处,https://weibo.com/5744696956,0
5090135723741273,717,108,17, 浙江,越南人反复在网上自问、求证和纠结的一件事：越南属于东亚文化圈吗？ ​,64,2024-10-16,热门,https://weibo.com/5090135723741273/OBOQcfHh7,"https://tvax4.sinaimg.cn/crop.0.0.996.996.180/795d5a35ly8gdm2rszmc3j20ro0roq4g.jpg?KID=imgbed,tva&Expires=1729100252&ssig=p8Ee3CXM7%2F",马上谈,https://weibo.com/2036161077,1
5086126591182314,2146,135,26, 四川,一刀划开，下一幕把我看愣了，这样做是不是太残忍了？ http://t.cn/A6ECHT1N ​,71,2024-10-05,热门,https://weibo.com/5086126591182314/OA8xR4XzA,"https://tvax4.sinaimg.cn/crop.0.0.1080.1080.180/008ruY1lly8htfjws45j1j30u00u0q5o.jpg?KID=imgbed,tva&Expires=1729100252&ssig=zOAKQRC0Id",谁享,https://weibo.com/7735404291,1
5089805683657743,158,3,0, 河北,博主每天就这样抄袭 ​,18,2024-10-15,热门,https://weibo.com/5089805683657743/OBGfSflxR,"https://tvax2.sinaimg.cn/crop.0.0.996.996.180/007PzQbBly8gegwpq7dkgj30ro0ro3ye.jpg?KID=imgbed,tva&Expires=1729100252&ssig=sNR5Nnrm7U",Agent20003,https://weibo.com/7175065047,0
5087938910358720,490,73,30, 上海,其实都不容易，忍着剧痛逛街 ​,26,2024-10-10,热门,https://weibo.com/5087938910358720/OATGX1vjO,"https://tvax1.sinaimg.cn/crop.0.0.512.512.180/005uAfo4ly8h9n72gmu67j30e80e8wex.jpg?KID=imgbed,tva&Expires=1729100252&ssig=oSN5JGwkpL",老方有腔调,https://weibo.com/5032593200,0
5087233768164667,1417,172,19, 北京,敏感肌需要怎么治 ​,16,2024-10-08,热门,https://weibo.com/5087233768164667/OABlCyg0b,"https://tvax2.sinaimg.cn/crop.0.0.1080.1080.180/005IjHPaly8hue1g8l3olj30u00u0n26.jpg?KID=imgbed,tva&Expires=1729100252&ssig=MCV2EKpiuP",我在超级全满贯很想你,https://weibo.com/5235519640,0
5088090737608474,24074,544,173, 湖南,185帅哥员工说谎，不舍得开除[哆啦A梦害怕] ​,40,2024-10-11,热门,https://weibo.com/5088090737608474/OAXDPvVjk,"https://tvax1.sinaimg.cn/crop.0.0.512.512.180/d2cfaf37ly8gr3wlqhsvlj20e80e8mxe.jpg?KID=imgbed,tva&Expires=1729100254&ssig=oO9v%2BmHnqN",快乐储存所,https://weibo.com/3536826167,0
5087999198759093,956,68,61, 山东,分享图片 ​,8,2024-10-10,热门,https://weibo.com/5087999198759093/OAVgbAKDH,"https://tvax1.sinaimg.cn/crop.0.0.1080.1080.180/008r0cOYly8h0pskpzksvj30u00u0jtr.jpg?KID=imgbed,tva&Expires=1729100254&ssig=25ppD7hxy9",四月间天气寒冷晴朗1948,https://weibo.com/7728073016,0
5089449971550057,1687,67,68, 广东,闲着没事的朋友们可以去痘印搜“我不需要很多钱我需要很多爱”，然后一个一个拉黑，太爱装逼了这群人以后要离他们远点 ​,110,2024-10-14,热门,https://weibo.com/5089449971550057/OBx096veV,"https://tvax1.sinaimg.cn/crop.0.0.512.512.180/9fcb87f2ly8hn5xq4iec3j20e80e8gm3.jpg?KID=imgbed,tva&Expires=1729100254&ssig=w%2BiVITNtV7",安泽Anzeeeeee,https://weibo.com/2680915954,0
5090094931510304,14700,775,426,,【#小学生将药磨成粉骗同学服用后续#：系治疗糖尿病药丸 仅1名同学舔尝少许】10月15日，成都一小学生将药磨成粉欺骗同学服用被惩戒的通报引关注。@新京报 我们视频从成都市教育局相关部门获悉，服用的药物系治疗糖尿病药丸。成都市教育局工作人员称，班里仅有一名同学用舌尖舔尝少许。上述工作人员称， ​,391,2024-10-16,热门,https://weibo.com/5090094931510304/OBNMp6kTK,"https://tvax3.sinaimg.cn/crop.0.0.512.512.180/001Ngxkily8h8vm7jc1igj60e80e8q3a02.jpg?KID=imgbed,tva&Expires=1729100254&ssig=N9D7JdWGsc",新京报,https://weibo.com/1644114654,0
5088784783509820,639,78,47, 四川,分手前的“最后一面”到底多可怕‼️ ​,34,2024-10-12,热门,https://weibo.com/5088784783509820/OBfHgeJ40,"https://tvax4.sinaimg.cn/crop.0.0.512.512.180/005vlzCtly8h1f68cjm8xj30e80e8wet.jpg?KID=imgbed,tva&Expires=1729100254&ssig=pHxg6OZ2Nv",仙女妮的收纳箱,https://weibo.com/5043872389,0
5083353957011417,5713,183,62, 四川,人皮扣没找到啥照片呢 都是八年前的事了[傻眼] ​,43,2024-09-27,热门,https://weibo.com/5083353957011417/OyYpRtpZn,"https://tvax3.sinaimg.cn/crop.0.0.1075.1075.180/006uVVQdly8hrrcdqn0txj30tv0tvtad.jpg?KID=imgbed,tva&Expires=1729100254&ssig=EMfBF5yBvO",·Fnosubete·,https://weibo.com/5953894113,0
5089631147919182,73264,4412,336,,【#听泉鉴宝回应#：#听泉鉴宝称从未说过自己是北大的#】#鉴宝主播需要为鉴定结果负责吗#近日，博主“听泉鉴宝”陷入学历造假风波。10月15日，听泉鉴宝发视频回应称：从未说过自己是北大的。他说因为最近身体状况很差，最初只是想休息一下，没想到出现了大量不实信息。他说，学历信息是账号注册之初填写 ​,442,2024-10-15,热门,https://weibo.com/5089631147919182/OBBImxe8K,"https://tvax1.sinaimg.cn/crop.0.0.512.512.180/008hHg1Aly8h8vhxwnvchj30e80e8wej.jpg?KID=imgbed,tva&Expires=1729100254&ssig=Sual2vcONe",山海视频,https://weibo.com/7590570074,0
5088683373363392,740,103,13, 海南,我是上去学习英语的，你们呢 ​,26,2024-10-12,热门,https://weibo.com/5088683373363392/OBd3He6Yg,"https://tvax3.sinaimg.cn/crop.0.0.512.512.180/006olaSAly8gdi6p4gim2j30e80e8aad.jpg?KID=imgbed,tva&Expires=1729100254&ssig=bXyfFpYWCf",废柴野子,https://weibo.com/5856475768,1
5086178423078982,734,67,8, 江西,西方人惊讶地发现，中国龙的尺寸远超他们的想象，展现出独特的东方神秘魅力。 ​,72,2024-10-05,热门,https://weibo.com/5086178423078982/OA9TscUZ0,"https://tvax3.sinaimg.cn/crop.37.0.225.225.180/533cfefcly8h87c1xthblj208c0693ym.jpg?KID=imgbed,tva&Expires=1729100254&ssig=mo8bkjkMYf",有理想的蓝大,https://weibo.com/1396506364,0
5089070072730264,21,1,0, 上海,在家睡觉 玩小玩具 ​,17,2024-10-13,热门,https://weibo.com/5089070072730264/OBn7pbsgw,"https://tvax4.sinaimg.cn/crop.0.0.512.512.180/0076Gyslly8guc0osqczhj60e80e8weu02.jpg?KID=imgbed,tva&Expires=1729100254&ssig=qIwzswdLBZ",三流爱情免睡店,https://weibo.com/6511730069,0
5088660914178505,43,80,7, 广东,iPhone 又遇到了这个奇怪Bug，从iPhone 13到现在，两年了都没解决[裂开][裂开][裂开]桌面不能滑动了，只能点击打开当页应用[允悲][允悲][允悲]有遇到过的小伙伴吗？  http://t.cn/A6EEPRnR ​,195,2024-10-12,热门,https://weibo.com/5088660914178505/OBctthx1f,"https://tvax2.sinaimg.cn/crop.0.0.1080.1080.180/735b0e29ly8gmzzcxz4y3j20u00u00vd.jpg?KID=imgbed,tva&Expires=1729100254&ssig=lvKkqBBi45",fenibook,https://weibo.com/1935347241,1
5088797633024490,101,55,0, 浙江,今日笑话 ​,8,2024-10-12,热门,https://weibo.com/5088797633024490/OBg1ZcGO6,"https://tvax1.sinaimg.cn/crop.0.0.1080.1080.180/007YWkzOly8h9r5af4fy5j30u00u0423.jpg?KID=imgbed,tva&Expires=1729100254&ssig=NgQvK6bI9Z",一厢碎话,https://weibo.com/7313412108,0
5087943054328348,154,32,2, 河北,这班你就上吧  ​,32,2024-10-10,热门,https://weibo.com/5087943054328348/OATNDia04,"https://tvax1.sinaimg.cn/crop.0.0.1080.1080.180/006aimZPly8huhb9y1vn5j30u00u0ad5.jpg?KID=imgbed,tva&Expires=1729100254&ssig=nmfvhmfymR",鲁迅爱吃脏脏包,https://weibo.com/5648938657,0
5088983962883632,18350,1051,154, 安徽,李校草北京踢球被偶遇 ​,20,2024-10-13,热门,https://weibo.com/5088983962883632/OBkSwc6ac,"https://tvax1.sinaimg.cn/crop.0.0.690.690.180/006QGaP7ly8hl868nhk9hj30j60j6q3e.jpg?KID=imgbed,tva&Expires=1729100254&ssig=Up8o6PqwEp",君君的旅行日记,https://weibo.com/6275217849,0
5090232477946777,0,0,0,,感觉我和歌鸟的聊天记录就是一整不健康恋爱大全…… ​,26,2024-10-16,实时,https://weibo.com/5090232477946777/OBRmfxljP,"https://tvax3.sinaimg.cn/crop.0.0.512.512.180/0089qJbnly8hs0h0oi113j30e80e8gm3.jpg?KID=imgbed,tva&Expires=1729100258&ssig=QehfJod9HK",谗畏啊馋味,https://weibo.com/7468419893,0
5090228505938659,6,1,0,,我们公寓的泳池好像个水沟哈哈  ​,17,2024-10-16,实时,https://weibo.com/5090228505938659/OBRfQoUUP,"https://tvax3.sinaimg.cn/crop.0.0.1080.1080.180/006UcZKGly8hor3fzwq3hj30u00u041h.jpg?KID=imgbed,tva&Expires=1729100258&ssig=%2Bv%2Bqy3BgbK",小Xxkkk,https://weibo.com/6327369122,0
5090232477944380,0,0,0,,"我服了,要两张维权图和一张安利图,我脑子一抽反了 ​",26,2024-10-16,实时,https://weibo.com/5090232477944380/OBRmfxkHa,"https://tvax4.sinaimg.cn/crop.0.0.940.940.180/008ez8KHly8hsnbucpsadj30q40q4gnr.jpg?KID=imgbed,tva&Expires=1729100258&ssig=cN9%2FohD%2FMy",魔幻曲奇饼干,https://weibo.com/7544306487,0
5090228002620310,3,3,0,,想睡好觉啊 ​,7,2024-10-16,实时,https://weibo.com/5090228002620310/OBRf2aZF4,"https://tvax3.sinaimg.cn/crop.0.0.1080.1080.180/006AxQD5ly8hqk1ypwc4hj30u00u0td1.jpg?KID=imgbed,tva&Expires=1729100258&ssig=kbP7ag%2FCKt",你当像鸟飞往你的山-_,https://weibo.com/6036812223,0
5090232477942104,0,0,0,,#生活手记#I need quiet，just quiet！ ​,32,2024-10-16,实时,https://weibo.com/5090232477942104/OBRmfxk6s,"https://tva3.sinaimg.cn/crop.0.0.180.180.180/69f7c605jw1e8qgp5bmzyj2050050aa8.jpg?KID=imgbed,tva&Expires=1729100258&ssig=O8IgSfht%2FD",___栗,https://weibo.com/1777845765,0
5090152136049850,14,0,0,,开你妈了个逼的会 ​,10,2024-10-16,实时,https://weibo.com/5090152136049850/OBPgFpnQe,"https://tvax1.sinaimg.cn/crop.0.0.1080.1080.180/007YPRzqly8hugg9s4ye8j30u00u0ac0.jpg?KID=imgbed,tva&Expires=1729100258&ssig=Tr9qfok8wC",钻进书里的时候闻过花香,https://weibo.com/7311870640,0
5090232401134827,0,0,0,,"牛哥好，马哥好，松鼠哥好
远到而来的牛马来看你们来了  ​",29,2024-10-16,实时,https://weibo.com/5090232401134827/OBRm84LdF,"https://tvax3.sinaimg.cn/crop.0.0.512.512.180/649bf804ly8ho07f3a19cj20e80e8dg7.jpg?KID=imgbed,tva&Expires=1729100258&ssig=DoJD5f8eyS",会飞的阿甘,https://weibo.com/1687943172,0
5090232477682075,0,0,0,,"一些生日live记录
和在宁波的好朋友们一起扮了拍了生日照
和杭州的好朋友们一起吃了烧烤和蛋糕
（朋友们为我偷偷准备了公主蛋糕 落泪了）
昨晚回顾了一下每年的生日照，
真的做到了越来越漂亮 越来越成熟
希望越来越爱自己 溢出来的爱 好好爱大家 ​",123,2024-10-16,实时,https://weibo.com/5090232477682075/OBRmfwesr,"https://tvax1.sinaimg.cn/crop.0.0.1080.1080.180/67322363ly8huo914sgrqj20u00u0dhi.jpg?KID=imgbed,tva&Expires=1729100258&ssig=Pu2A3vJhkS",酒后甜心dydy,https://weibo.com/1731339107,0
5090232477680886,0,0,0,,每天最害怕的就是上完课 学生们在群里回课 这就是教师劳动的连续性和广延性吧[苦涩] ​,43,2024-10-16,实时,https://weibo.com/5090232477680886/OBRmfwe9g,"https://tvax2.sinaimg.cn/crop.0.0.1080.1080.180/da8108b7ly8hqhaxoermjj20u00u0dgt.jpg?KID=imgbed,tva&Expires=1729100258&ssig=bPZGAG4xf7",Xin-小朱包,https://weibo.com/3665889463,0
5090229010566773,2,2,0,,我似乎无法长久地爱任何人。 ​,15,2024-10-16,实时,https://weibo.com/5090229010566773/OBRgF2nrv,"https://tvax2.sinaimg.cn/crop.0.0.827.827.180/c4a9d766ly8ht04fzixpaj20mz0mzwf3.jpg?KID=imgbed,tva&Expires=1729100258&ssig=5yrTifkpiV",烟_Cigarettes,https://weibo.com/3299465062,0
5090232477680350,0,0,0,,分享图片  ​,7,2024-10-16,实时,https://weibo.com/5090232477680350/OBRmfwe0C,"https://tvax1.sinaimg.cn/crop.0.0.996.996.180/006fJWicly8fztl2kyg6fj30ro0ro0ui.jpg?KID=imgbed,tva&Expires=1729100258&ssig=V8oExwgIg5",九点准时睡呢,https://weibo.com/5729390872,0
5090231384804157,2,1,0,,“世界上有太多孤独的人，都害怕走出第一步。”[泪][泪] ​,30,2024-10-16,实时,https://weibo.com/5090231384804157/OBRkuk9Mp,"https://tvax1.sinaimg.cn/crop.0.0.1080.1080.180/006VLwr4ly8htx1slmc8lj30u00u0n0g.jpg?KID=imgbed,tva&Expires=1729100258&ssig=AgK6tw3Mq2",Kaioen_甜岛文刊,https://weibo.com/6350374246,1
5090232477419961,0,0,0,,特种兵了四天回来上了两天满课我终于可以躺着了 ​,24,2024-10-16,实时,https://weibo.com/5090232477419961/OBRmfv8gN,"https://tvax1.sinaimg.cn/crop.0.0.1080.1080.180/0072UIosly8hu859n9hfoj30u00u0tbh.jpg?KID=imgbed,tva&Expires=1729100258&ssig=T1sRe3YcTt",长大了以后我要当太空人,https://weibo.com/6455999516,0
5090229901853741,2,1,0,,我完了，我想给男人花钱[淡淡的] ​,18,2024-10-16,实时,https://weibo.com/5090229901853741/OBRi67Mf3,"https://tvax4.sinaimg.cn/crop.0.0.996.996.180/006buDnOly8h15laihfs5j30ro0ro74t.jpg?KID=imgbed,tva&Expires=1729100258&ssig=xtUzV7TcI7",有点飒的皮卡Y,https://weibo.com/5666637920,0
5090232477419672,0,0,0,,我他妈笑死了哈哈哈哈哈哈哈广州局促厨师哥回到云南摇身一变局头小哥哈哈哈哈哈哈哈哈哈哈哈哈 ​,46,2024-10-16,实时,https://weibo.com/5090232477419672/OBRmfv8c8,"https://tvax2.sinaimg.cn/crop.0.0.1080.1080.180/006yKBeVly8ht8fe53gcuj30u00u0gok.jpg?KID=imgbed,tva&Expires=1729100258&ssig=mCbZdMq1rD",水泥猫猫和虎皮仓鼠,https://weibo.com/6010298657,0
5090232305455776,0,0,0,,"Chúng ta của hiện tại
Thật đáng yêu [心]  ​",42,2024-10-16,实时,https://weibo.com/5090232305455776/OBRlYmTio,"https://tvax1.sinaimg.cn/crop.0.0.512.512.180/007bOMDIly8hi84hrobzej30e80e8gly.jpg?KID=imgbed,tva&Expires=1729100258&ssig=yXblSpjN5u",Felicia吃饭只吃五分饱,https://weibo.com/6587572894,0
5090228488901313,2,1,0,,很喜欢的小裙子[送花花] ​,14,2024-10-16,实时,https://weibo.com/5090228488901313/OBRfOBlDz,"https://tvax2.sinaimg.cn/crop.0.0.1080.1080.180/006bId3gly8hrhkrywsnwj30u00u00wx.jpg?KID=imgbed,tva&Expires=1729100258&ssig=2hAo9RcpEV",吃掉雪雪子o,https://weibo.com/5669873294,0
5090232477417984,0,0,0,,“婚纱是替美嘉买的” ​,12,2024-10-16,实时,https://weibo.com/5090232477417984/OBRmfv7KU,"https://tvax2.sinaimg.cn/crop.0.0.1080.1080.180/005KNS2oly8hq7zoyhp8jj30u00u0mzp.jpg?KID=imgbed,tva&Expires=1729100258&ssig=bE88H%2BUTb%2F",Kii-77,https://weibo.com/5272261412,0
5090232477160510,0,0,0,,"跟权力动物谈感情
白瞎
更可怕的是
本身就是被权力动物一手培育的畸胎
打不出正常的格式 ​",45,2024-10-16,实时,https://weibo.com/5090232477160510/OBRmfu2M6,"https://tvax2.sinaimg.cn/crop.0.0.527.527.180/6cc51ab2ly8h8hlzq5galj20en0enjrp.jpg?KID=imgbed,tva&Expires=1729100258&ssig=tK6NeaW90S",拿雫,https://weibo.com/1824856754,0
5090232209511271,0,1,0,,妈的明天终于没有早八了 ​,13,2024-10-16,实时,https://weibo.com/5090232209511271/OBRlODUjB,"https://tvax1.sinaimg.cn/crop.0.0.506.506.180/005Iw7u4ly8hjpyijudvbj30e20e2aar.jpg?KID=imgbed,tva&Expires=1729100258&ssig=hZ%2BQGRW9Pl",倒霉人类xx,https://weibo.com/5238478212,0
5090229329594162,5,3,1,,好幸福。  ​,7,2024-10-16,实时,https://weibo.com/5090229329594162/OBRhaEfSy,"https://tvax3.sinaimg.cn/crop.0.0.512.512.180/006UlrXZly8hoyke0279xj30e80e80u0.jpg?KID=imgbed,tva&Expires=1729100259&ssig=cciC0ie1Nj",今天有点小困吗,https://weibo.com/6329384203,0
5090232209511488,0,1,0,,啊啊啊啊啊啊，我错过了！看到现在！我要从哪开始补！ ​,27,2024-10-16,实时,https://weibo.com/5090232209511488/OBRlODUn6,"https://tvax1.sinaimg.cn/crop.0.0.1080.1080.180/005yByCKly8htwrcdt47mj30u00u0tar.jpg?KID=imgbed,tva&Expires=1729100259&ssig=dvPS0cmYhc",Sean的小桃心,https://weibo.com/5092010818,0
5090228455082851,0,0,0,,我不会给这个世界好脸色的 ​,14,2024-10-16,实时,https://weibo.com/5090228455082851/OBRfLlkht,"https://tvax2.sinaimg.cn/crop.0.0.480.480.180/0060kWwZly8hqvr93oy95j30dc0dcglw.jpg?KID=imgbed,tva&Expires=1729100259&ssig=2j1YcGvuqj",Qing喝一杯茶,https://weibo.com/5501788549,0
5090231978560853,0,0,0,,"堆在地上180天终于收拾了
可惜孔雀石的绸缎光泽就是拍不出来[单身狗] ​",37,2024-10-16,实时,https://weibo.com/5090231978560853/OBRlrzV4h,"https://tvax2.sinaimg.cn/crop.0.0.512.512.180/82bd03e6ly8h3p9dwd6dvj20e80e8gm1.jpg?KID=imgbed,tva&Expires=1729100259&ssig=PC0Tk33wtQ",帅哥请留步-,https://weibo.com/2193425382,0
5090230436630024,2,0,0,,💌 ​,3,2024-10-16,实时,https://weibo.com/5090230436630024/OBRiXrOLS,"https://tvax4.sinaimg.cn/crop.0.0.512.512.180/008zaNGLly8hsoyb7tuxqj30e80e8t8o.jpg?KID=imgbed,tva&Expires=1729100259&ssig=bKY8JqYtNV",曲奇小圈,https://weibo.com/7848808703,0
5090209400358254,8,0,0,,🗻富士山下  ​,8,2024-10-16,实时,https://weibo.com/5090209400358254/OBQL21vci,"https://tvax1.sinaimg.cn/crop.0.0.1080.1080.180/a1f570e1ly8hshgz3ki1tj20u00u0n0l.jpg?KID=imgbed,tva&Expires=1729100259&ssig=WEU442OxMd",栗川原,https://weibo.com/2717216993,0
5090229529350771,3,0,0,,Paris ​,7,2024-10-16,实时,https://weibo.com/5090229529350771/OBRhuDeyT,"https://tvax1.sinaimg.cn/crop.0.0.1080.1080.180/00643RQgly8hoog2fk4y4j30u00u00ur.jpg?KID=imgbed,tva&Expires=1729100259&ssig=Bp0FM06mT6",绯红的时候,https://weibo.com/5556824292,0
5090229315438046,1,0,0,,心情比较down的时候还坚持吃减脂餐的后果就是大半夜犯猪瘾点外卖吃[裂开] ​,39,2024-10-16,实时,https://weibo.com/5090229315438046/OBRh9mOGq,"https://tvax2.sinaimg.cn/crop.0.0.994.994.180/b54a46d3ly8hum89u9q5hj20rm0rmq4p.jpg?KID=imgbed,tva&Expires=1729100259&ssig=MW8a%2FPaDSN",口袋饱饱睡觉觉,https://weibo.com/3041543891,0
5090232208720216,1,0,0,,当了大学12年的梦女 [允悲]感觉塌房了[允悲][允悲][允悲] ​,34,2024-10-16,实时,https://weibo.com/5090232208720216/OBRlOAAwE,"https://tvax4.sinaimg.cn/crop.0.0.512.512.180/006ragOzly8hu1yl9n3p9j30e80e80sr.jpg?KID=imgbed,tva&Expires=1729100259&ssig=3Gl%2BgHYkQx",好神_我,https://weibo.com/5898205983,0
5090231760719140,1,0,0,,谁允许你下雨的 你就这样对一个刚跑完800米的女大学生吗老天爷 ​,33,2024-10-16,实时,https://weibo.com/5090231760719140/OBRl63152,"https://tvax3.sinaimg.cn/crop.0.0.512.512.180/00716ZVzly8hd8v42lfsfj30e80e8wew.jpg?KID=imgbed,tva&Expires=1729100259&ssig=xlmLX%2B4UnN",-_小雨,https://weibo.com/6429374181,0
5090230454982257,1,0,0,,"#日常# 
话不多说，上图
这该死的嘌呤大餐啊～好吃[笑cry] ​",34,2024-10-16,实时,https://weibo.com/5090230454982257/OBRiZkU6Z,"https://tvax2.sinaimg.cn/crop.0.0.1052.1052.180/b7828315ly8hlfqs6ixz8j20t80t80wc.jpg?KID=imgbed,tva&Expires=1729100259&ssig=Q3Hx%2BI13NF",BLUE洪,https://weibo.com/3078783765,0
5090227477812140,1,1,0,,今天体验了沙漠车越野和滑沙，1小时1400，一点点小爽，这钱我也想挣，打工人当牛马累死累活受不完的气赚钱速度比不过花钱，有意义么  ​,67,2024-10-16,实时,https://weibo.com/5090227477812140/OBRebwMig,"https://tvax1.sinaimg.cn/crop.0.0.1080.1080.180/74f97f69ly8hqi8llylkbj20u00u0419.jpg?KID=imgbed,tva&Expires=1729100259&ssig=suPlGfVE5J",桃花岛愤青,https://weibo.com/1962508137,0
5090221165905969,4,2,0,,“ 在凌晨4点的海边看一场日出 ”🌅  ​,21,2024-10-16,实时,https://weibo.com/5090221165905969/OBR40oMpz,"https://tvax4.sinaimg.cn/crop.0.0.512.512.180/007002T4ly8humc0ydl01j30e80e8q39.jpg?KID=imgbed,tva&Expires=1729100259&ssig=8LF2mkxp7Q",杨艳茹YYRU,https://weibo.com/6412940926,0
5090152651163485,32,12,0, 山东,[笑哈哈][笑哈哈]又开始了吗？ ​,28,2024-10-16,热门,https://weibo.com/5090152651163485/OBPhv4SFT,"https://tvax4.sinaimg.cn/crop.0.0.1080.1080.180/006hCzJFly8he6affn1n6j30u00u076x.jpg?KID=imgbed,tva&Expires=1729105182&ssig=nBin4bzjk%2F",逆鳞Ultra,https://weibo.com/5757188539,1
5088882683543699,249,132,2, 山东,得，这下痒的睡不着了[裂开] ​,26,2024-10-13,热门,https://weibo.com/5088882683543699/OBifaeRSr,"https://tvax4.sinaimg.cn/crop.0.0.512.512.180/006wFlO0ly8gbnja69u55j30e80e80tg.jpg?KID=imgbed,tva&Expires=1729105182&ssig=AQxFn7qeTR",许超医生,https://weibo.com/5979495016,1
5089777271444516,1033,37,0, 浙江,【】霹雳霹雳可能会倒闭，但永远不会。。 ​,38,2024-10-15,热门,https://weibo.com/5089777271444516/OBFw363ME,"https://tvax4.sinaimg.cn/crop.0.0.985.985.180/008DMojply8hp2t5pvqe8j30rd0rd75c.jpg?KID=imgbed,tva&Expires=1729105182&ssig=y81xUE011b",噼里啪啦打火机,https://weibo.com/7916872963,0
5085173559066678,324,37,12, 辽宁,"""队友︰女娲多少分        
女娲︰148          
队友︰低分去补位            
女娲︰我说的是高考数学""

#王者荣耀##西瓜的投稿信箱# http://t.cn/A6ESyJS8 ​",147,2024-10-02,热门,https://weibo.com/5085173559066678/OzJKHC2EK,"https://tvax2.sinaimg.cn/crop.0.0.1080.1080.180/0061DnDvly8glmp9nunfuj30u00u0n0b.jpg?KID=imgbed,tva&Expires=1729105182&ssig=WArsHybtcE",西瓜欧巴,https://weibo.com/5520958981,1
5087256339808919,1237,52,14, 日本,？？？ ​,6,2024-10-08,热门,https://weibo.com/5087256339808919/OABW1F9Kn,"https://tvax2.sinaimg.cn/crop.0.0.1080.1080.180/0066CcwRly8gv4tzki32hj60u00u0mz002.jpg?KID=imgbed,tva&Expires=1729105182&ssig=9%2BP5N8cMLa",迷惑行為大賞,https://weibo.com/5594559637,0
5090195684722154,10,17,1, 天津,网约车司机，不是一般人。 ​,24,2024-10-16,热门,https://weibo.com/5090195684722154/OBQoUjOrM,"https://tvax4.sinaimg.cn/crop.0.0.1080.1080.180/008wiB7Cly8h8v9rs507pj30u00u0gpk.jpg?KID=imgbed,tva&Expires=1729105182&ssig=9lKoOmXGlt",ZHENGUI_MARIA,https://weibo.com/7806338012,0
5089753713870730,173,98,4, 河南,"我真是个喜新厌旧的男人
现在看小米 14 觉得边框有点宽 怎么回事[笑cry][笑cry][笑cry] ​",81,2024-10-15,热门,https://weibo.com/5089753713870730/OBEU3geX8,"https://tvax2.sinaimg.cn/crop.0.0.940.940.180/006qqdxLly8huk5e5iq60j30q40q4dia.jpg?KID=imgbed,tva&Expires=1729105182&ssig=pHpFnK1fQh",我是张大头,https://weibo.com/5887230321,0
5073807896739928,178,12,1, 江苏,我是个泪点很高的人，但今天我没有想到你会唱这首《半城烟沙》，嵩哥你说十几年前，一个小话筒一台家用电脑和一个卧室成了你的音乐工作室，十三年前，我也是一个小话筒一个家用电脑在我的卧室里，和你一样面对一群还没有汉化版的软件研究音频和剪辑，第一次试剪mv就是用你的这曲《半城烟沙》，我还填了 ​,867,2024-09-01,热门,https://weibo.com/5073807896739928/OuY4Zshmw,"https://tvax1.sinaimg.cn/crop.0.0.1080.1080.180/72697be7ly8ht87soelj6j20u00u0wj3.jpg?KID=imgbed,tva&Expires=1729105182&ssig=qnQVGhRZPG",声优小俏妞,https://weibo.com/1919515623,0
5089766926714696,231,10,17, 北京,一些梗图 ​,8,2024-10-15,热门,https://weibo.com/5089766926714696/OBFfmsaNy,"https://tvax1.sinaimg.cn/crop.0.0.640.640.180/005YXquEly8hbb9vqstcgj30hs0hs0tj.jpg?KID=imgbed,tva&Expires=1729105182&ssig=IFWadR5ZdG",卖菊花的小恶魔,https://weibo.com/5481407516,1
5083977897480148,716,82,33, 辽宁,"#阴阳师手游[超话]#  
想去官网搜下式神录素材
结果被开屏广告硬控30s[收到][收到]
#超话创作官##游园集结令# http://t.cn/A6EIFfU4 ​",123,2024-09-29,热门,https://weibo.com/5083977897480148/OzeEdvnVy,"https://tvax3.sinaimg.cn/crop.0.0.512.512.180/e52428d0ly8hcm86h4cbkj20e80e8aas.jpg?KID=imgbed,tva&Expires=1729105182&ssig=ImsJ5AKmIz",梅布斯尼,https://weibo.com/3844352208,1
5088969670787107,649,19,22, 上海,穿点点袜的领导能凶到哪里去 ​,26,2024-10-13,热门,https://weibo.com/5088969670787107/OBkvt3iLh,"https://tvax2.sinaimg.cn/crop.0.0.512.512.180/007KaBzply8h8wlhbjnz4j30e80e8aac.jpg?KID=imgbed,tva&Expires=1729105182&ssig=njMAZPrjRU",OnlyHotGuy,https://weibo.com/7095168983,1
5088962266530271,368,112,16, 江苏,改一个字，让它瞬间变成野鸡大学 ​,30,2024-10-13,热门,https://weibo.com/5088962266530271/OBkjwroOX,"https://tvax2.sinaimg.cn/crop.0.0.1006.1006.180/006Dpwtnly8flzulslu87j30ry0ry404.jpg?KID=imgbed,tva&Expires=1729105182&ssig=CRIudrRmKf",湾师傅,https://weibo.com/6079157125,1
5089837257067177,0,6,0, 浙江,【一位网友从果黑成为的果粉的历程】 ​,34,2024-10-15,热门,https://weibo.com/5089837257067177/OBH4NtEuJ,"https://tvax1.sinaimg.cn/crop.0.0.1080.1080.180/c54b57bfly8glnce5mys3j20u00u0gnk.jpg?KID=imgbed,tva&Expires=1729105182&ssig=acIO0ILlaF",追卜忆,https://weibo.com/3310049215,1
5090061907395522,1067,139,33, 福建,据美国前总统卡特的家人透露：已经瘫痪在床无法动弹的卡特，丝毫不期待自己的百岁大寿，而是更关心能亲手为哈里斯投上一票 http://t.cn/A6Er7tCn ​,135,2024-10-16,热门,https://weibo.com/5090061907395522/OBMV8v1UC,"https://tvax2.sinaimg.cn/crop.0.0.600.600.180/6232a59aly8hluo82krxjj20go0goq87.jpg?KID=imgbed,tva&Expires=1729105182&ssig=wqqpl3a0IC",上帝之鹰_5zn,https://weibo.com/1647486362,1
5085736221020209,168,14,3, 广东,这是什么穿搭？ ​,14,2024-10-04,热门,https://weibo.com/5085736221020209/OzYoe4hoZ,"https://tvax3.sinaimg.cn/crop.0.0.996.996.180/006e8xBIly8g705g5vi5kj30ro0rotbq.jpg?KID=imgbed,tva&Expires=1729105182&ssig=iWkXpWoxYA",莫须督,https://weibo.com/5705701510,0
5089396142119999,2172,1037,1038, 四川,网友好像加到了向佐的微信[思考] ​,30,2024-10-14,热门,https://weibo.com/5089396142119999/OBvBk8Tvx,"https://tvax4.sinaimg.cn/crop.0.0.1080.1080.180/0068UAKZly8gdiywe7z1lj30u00u0q6u.jpg?KID=imgbed,tva&Expires=1729105184&ssig=Do%2BgLvq5zt",东邪西媚,https://weibo.com/5628495345,0
5090168650334940,27,16,1, 贵州,原来除了照片还有装骗！[哈哈] ​,28,2024-10-16,热门,https://weibo.com/5090168650334940/OBPHj1p8g,"https://tvax4.sinaimg.cn/crop.0.0.499.499.180/008hBi1sly8hp43gdum7lj30dv0dvjrn.jpg?KID=imgbed,tva&Expires=1729105184&ssig=Xj9pe9oFbj",南川君-,https://weibo.com/7589147786,1
5090133135851768,258,73,3, 广东,主力机我必须全裸，有膜都得撕掉。备用机我贴膜戴壳，要不然真容易摔[笑cry] ​,71,2024-10-16,热门,https://weibo.com/5090133135851768/OBOM1oyjm,"https://tvax2.sinaimg.cn/crop.0.0.1080.1080.180/c5417f25ly8hs7i5gonrrj20u00u0abh.jpg?KID=imgbed,tva&Expires=1729105184&ssig=6NLqcjHFKq",我是HYK,https://weibo.com/3309403941,0
5089399687874132,5909,546,1823, 北京,"#林更新 田里有嘴在咬你吗#
一不小心考古到了林更新，这是田里有嘴在咬你吗哈哈哈哈哈哈哈哈哈怎么这么搞笑哈哈哈哈 http://t.cn/A6EunqHC ​",129,2024-10-14,热门,https://weibo.com/5089399687874132/OBvH2x2q8,"https://tvax4.sinaimg.cn/crop.0.0.864.864.180/e66cc7a9ly8hbj6w1tqqxj20o00o0wfu.jpg?KID=imgbed,tva&Expires=1729105184&ssig=1gEqhvtN%2Fn",一只桃花猪,https://weibo.com/3865888681,0
5089755420952743,147,16,5, 安徽,结局有点出乎意料了 ​,18,2024-10-15,热门,https://weibo.com/5089755420952743/OBEWO3ZQP,"https://tvax3.sinaimg.cn/crop.0.0.1080.1080.180/e5727878ly8ge1hmxpsj2j20u00u0gnn.jpg?KID=imgbed,tva&Expires=1729105184&ssig=8bnfNQbhml",强强记事,https://weibo.com/3849484408,1
5088982144911325,75,9,0, 江西,无数歌手就是从这条通道走上了《歌手》的舞台，歌手的舞台，表演或许有成败，但不变的是，他们都是为了成为更好的自己……  ​,134,2024-10-13,热门,https://weibo.com/5088982144911325/OBkPAkBEV,"https://tva2.sinaimg.cn/crop.37.79.468.468.180/460f478bjw8fc6ml6cnbfj20es0m8wfh.jpg?KID=imgbed,tva&Expires=1729105184&ssig=y%2FCW5xbBfX",爱地人,https://weibo.com/1175406475,0
5080973321176330,404,50,32,,【希望一切顺利！#网红良田正颌手术成功#】9月20日，网红@良田的田 施嘉栋发布视频称：正颌手术很成功！给大家剪一个预谋23年的转场。视频记录了他正畸、正颌的历程，“地包天生涯结束啦，手术很成功，目前需要消肿，我们都会越来越好的！”据了解，施嘉栋是一名00后摄影博主，用自己的相机记录了很多 ​,330,2024-09-21,热门,https://weibo.com/5080973321176330/OxYu84W14,"https://tvax1.sinaimg.cn/crop.0.0.600.600.180/beebff5fly8h8vgfe09nuj20go0gowf2.jpg?KID=imgbed,tva&Expires=1729105184&ssig=luDMAkqyyV",四川观察,https://weibo.com/3203137375,0
5090112348359664,311,95,7, 重庆,告iPhone 16用户通知书… ​,23,2024-10-16,热门,https://weibo.com/5090112348359664/OBOeuz4Ji,"https://tvax3.sinaimg.cn/crop.0.0.1080.1080.180/8a6bae38ly8h965pc0qqpj20u00u043k.jpg?KID=imgbed,tva&Expires=1729105184&ssig=CKAc35bXnD",UNCLE疯叔,https://weibo.com/2322312760,1
5089475983577454,130,58,0, 四川,"这钥匙还不如不找到呢[可爱]
这个网球中心绝对克我[收到] ​",53,2024-10-14,热门,https://weibo.com/5089475983577454/OBxG6f0ES,"https://tvax3.sinaimg.cn/crop.0.0.1080.1080.180/9f91c5c4ly8ggmzmlwz3sj20u00u0aev.jpg?KID=imgbed,tva&Expires=1729105184&ssig=AVKbtFheb9",JoanaW,https://weibo.com/2677130692,0
5090163973691880,6781,1533,555, 美国,"关于中华人民共和国在台湾附近进行军事演习的新闻声明

美国国务院发言人马修·米勒
2024年10月13日

美国对中国人民解放军在台湾海峡及台湾周边进行联合军事演习表示严重关切。中华人民共和国以军事挑衅回应一次例行的年度讲话是毫无道理的，并有引发局势升级的风险。

我们呼吁中华人民共和国保持克制 ​",710,2024-10-16,热门,https://weibo.com/5090163973691880/OBPzLfuqs,"https://tvax2.sinaimg.cn/crop.0.0.1080.1080.180/67f297b0ly1ghlsfo3l13j20u00u079n.jpg?KID=imgbed,tva&Expires=1729105184&ssig=fsHtG6XbOi",美国驻华大使馆,https://weibo.com/1743951792,0
5090166386988519,491,65,11, 湖南,这活着图啥.... http://t.cn/A6Edyceq ​,35,2024-10-16,热门,https://weibo.com/5090166386988519/OBPDEtk23,"https://tvax3.sinaimg.cn/crop.0.0.1002.1002.180/008cTV81ly8gnm11by70oj30ru0ru0v3.jpg?KID=imgbed,tva&Expires=1729105184&ssig=o%2B1A1%2BW9Ck",达克鸭唐,https://weibo.com/7519706333,1
5090054903431494,82,39,0, 河南,在外合租是非多 ​,14,2024-10-16,热门,https://weibo.com/5090054903431494/OBMJQeoGG,"https://tvax3.sinaimg.cn/crop.0.0.1002.1002.180/eac5475aly8fvt6yio9brj20ru0ruq45.jpg?KID=imgbed,tva&Expires=1729105184&ssig=MFlGWtMsvM",全是搞笑菌,https://weibo.com/3938797402,0
5090055913734311,1212,78,34, 北京,写实 ​​​,11,2024-10-16,热门,https://weibo.com/5090055913734311/OBMLtfFsP,"https://tvax3.sinaimg.cn/crop.346.15.444.444.180/6dd57921ly8g92g8otr4jj20m80go0yi.jpg?KID=imgbed,tva&Expires=1729105184&ssig=KTcEacq%2B%2Fv",里神楽,https://weibo.com/1842706721,0
5090047323801763,527,217,11, 重庆,这该死的精致感…Find X8[doge][doge][doge] ​,41,2024-10-16,热门,https://weibo.com/5090047323801763/OBMxCfX0L,"https://tvax3.sinaimg.cn/crop.0.0.1080.1080.180/005NtMcUly8hb35ijt157j30u00u0myh.jpg?KID=imgbed,tva&Expires=1729105184&ssig=SZ1rO1juSV",阿正很硬,https://weibo.com/5311801448,1
