comment,judge
这视频搞得我头晕，是不是说手机上看4K就像拿个芝麻看西瓜？[憨笑],负面
安卓问题是再好的优化也架不住第三方 App 耍流氓[doge],负面
骑上机车[doge],正面
下过电视剧就知道，国内的和国外的，同4k，不同画质[doge],正面
这个应该不是吧,负面
[笑cry]我感觉油管的好点，很自然，b站的有点过饱和了,正面
真的是让我们感受到了更新的力量,正面
😘,中性
不留,负面
B站 比腾讯 优酷 爱奇艺强多了,正面
人家公司一共六千人 我们 三十万 呵呵,负面
确实是非常的流畅了呀。,正面
这是特氟龙扎带，高级货，紫外线，高温，酸碱都防,负面
系统用起来还是很流畅的呀。,正面
肯定不是，我连那什么东西看youtub4k老流畅了，看b站4k卡的一批，看一会又要缓冲,正面
奈飞的画质和爱奇艺也不一样,正面
这种颜色有可能是防紫外线的高级货[doge],负面
啥鞋子 我避雷一下哈哈哈哈,正面
youtube 的4k才是真4k,正面
我记得好像当年好奇号火星车上拍的照片里也有[笑cry],正面
20年之前h.264原🆚之后h.265、hv1、h.266待[doge],负面
但不得不说这鞋子质量也太差了[允悲],正面
看起来像抓绒卫衣松紧带[笑cry],正面
我用4k屏幕看视频早就感觉糊的一逼了，都是自己下4k资源看，和平台清晰度天差地别,正面
哈哈哈哈 http://t.cn/A6E5Wf8W,正面
他咋发到YouTube的啊,负面
这可不是普通的扎带啊，这是上了太空的扎带。[允悲],正面
天才宝宝,正面
[good],中性
可惜了。这个颜值了，穿的这么破。,负面
真的找不到舔点了吗,负面
左边冰娃右边儿火娃红红火火嘿哈哈,负面
竟然是用的地球上的物质，高级[赞],正面
巴黎世家的吧,正面
看着普通，万一是个高科技材料伪装的呢[doge],正面
纹身好好看！,正面
这个看上去hdr,负面
这样看就不大了 http://t.cn/A6EY9UGR,负面
裤子蛮好看的推一下我，这个机车外套还行就是感觉这两年机车风有点太多了街道口逛一圈好多人穿,正面
好帅，留着吧,负面
不修身 有点大了 退了,负面
适合送人比如我[doge],正面
好看的，留,正面
不留,负面
这不是电影特效吗[doge],正面
很搭,正面
很正常，最先进的飞机上都有扎带呢，毕竟都是手搓出来的,负面
老公求裤子链接[舔屏][舔屏],负面
可回收利用遥遥领先！,正面
好适合,正面
帅帅[舔屏],正面
赶紧练好你的大拇指发射吧,正面
留！好帅,负面
航天材料,正面
好看，留[打call],正面
蓝色的....  嗯！ 坚固+3,正面
大了点,负面
扎死狗,正面
难看[泪],正面
裤子什么牌子呀，好好看[可怜],正面
42岁绝经了的女生,正面
好看啊为什么不留！！！,负面
图3求高清原图,正面
这人眼熟，怕不是串子,负面
公安局什么时候给集美赔款道歉[怒],负面
@豆汁儿焦圈儿爆肚儿炒肝儿,正面
是巴黎世家的鞋么,正面
还得是伊斯兰教搞得不孬 http://t.cn/A6EHI4Fc,负面
认同最后一句话,正面
哇,正面
有些人真的欠栓,正面
哈哈哈嗝,中性
随便你安卓咋样，我有ios[偷笑],负面
打人的女的被刑拘了，到底是谁该[汗],正面
上链接,负面
好 一双变两双,正面
还是你最刚[good][doge],正面
老公…,正面
衣服无所谓，人可以带走吗？,负面
太酷了宝宝[努力],正面
图三这个女的还没被开盒教育一下我是不认可的[思考],正面
链接,负面
哈哈哈哈哈哈哈哈哈哈,正面
好壮好喜欢啊,正面
可爱,正面
绝经大妈闹麻了[笑哈哈][笑哈哈][笑哈哈],正面
蹲一个链接,负面
卡西法！,中性
链接在哪里[doge],负面
造谣禁言了没？,负面
给我链接,负面
上车,正面
你猜猜还手了它会怎么说？,负面
链接,负面
问吴建豪要代言费[允悲],正面
想要链接[doge],负面
太有样了,负面
[举手]让我摸摸看料子怎么样,正面
当女生是施害者时，她同时也是受害者[doge],正面
有点小壮,负面
什么时候赔八万五？[二哈] http://t.cn/A6EHp9Ta,负面
姐姐蹲蹲帽子太美了[哇],正面
321上链接,负面
以为鞋飞出去了,正面
链接是,负面
有一种法官王浩的既视感，你要不是做了坏事心虚你为什么不还手,正面
鞋：我想开啦！,负面
[二哈]尊嘟假嘟,负面
小火人小水人[哇],负面
这货不是到处引流找骂的嘛,负面
咋了，女的没有外卖员吗[傻眼],正面
上链接,负面
想起以前看到的一句话：老中自己就是风[哆啦A梦害怕][哆啦A梦害怕][哆啦A梦害怕],正面
求链接,负面
nane那能一样吗,中性
链接🤓,负面
翻译一下：以色列你打掉牙也要咽到肚子里，再敢搞什么报复行动，我可不能保证局面不失控。,负面
当时就觉得装装的，但大家都在夸，没敢说……,负面
现在看这些太搞笑了吧[跪了] http://t.cn/A6EOkQBh,负面
期待你更多的创作,正面
正常 青岛女打人也有这么说的！[二哈],正面
鞇爰尊重祝福[太开心],正面
以色列立马带上同声传译耳机,负面
[哆啦A梦微笑]ColorOS 14就已经做的不错起来了，这回15看起来更好了！期待x8和一加13上的体验了,正面
真不一般[嘘],负面
卧槽，我金粉了，呢条免吹，祝 X8 Pro 大卖[吃馕],正面
世界的官方:老中,正面
@Olivecomadie 哈哈奇葩,负面
全面战争是指啥呀,正面
一个运动员看着像rapper的话就烂了,负面
ColorOS 15 小组件的动画可以啊，不会出现过快直接断掉，真就比肩 iOS 了,负面
@ColorOS陈希 这里字也多[怒]转发一下,正面
这个视频红主要是所谓气场 穿着比较酷外加爱国滤镜吧  但脸是从来没get到过,正面
中东官府那帮子费拉不堪的松散联盟终于想起来该上班了，也不知道是该觉得好笑还是觉得好气[允悲],正面
附上官方对双引擎的介绍材料。 http://t.cn/A6EYDyR0,正面
这样的效果还是比较喜欢的呢,正面
东大谈全面战争确实挺少见的，这话一般是牢美的词[允悲],正面
[融化],正面
男人的魅力源自于女人的想象力[允悲],正面
24,负面
第一个找这个视频bgm的真是天才,负面
老中一般不撤侨，但是这次撤了,负面
哇,正面
当时就想说了，什么热血cp在男的身上就是好使，当时踩组给一帮黑料泳圈男整的乐乐爸乐乐妈梗真莫名其妙，同时首页还有几百楼审判谷爱凌的帖,正面
还是比较流畅的那一种呀,正面
当时就觉得特别装[衰],正面
中国说这话绝对不是开玩笑,负面
也太喜欢了吧。,正面
挺好,正面
路过比男足踢的好[二哈],负面
因为挡了一大半吧，虾系,负面
好看,正面
可千万别把你与老中为敌和老中与你为敌当一回事[嘻嘻],正面
我守这场到凌晨3，结果第7…不是说他不行，现在和他那些事一起看，真的觉得他对不起那个女的…,负面
这运镜绝了，一脚踢出个精彩宇宙，夸夸喵也想学踢星球了！,正面
流畅度确实不错，续航再提升些就好了。,正面
又是一个表演人格[挖鼻],正面
老中不喜欢说空话废话！[怒],负面
什么时候可以继续更新了呢？,负面
第三方试试吧！你觉得不会卡吗？,负面
很符合我对体育生的刻板印象,正面
从来没有滤镜过[允悲]真的自己放着好日子不过男的就是这么令人讨厌要女生这样上热搜早被那群男的骂成啥了就他这样还有“粉丝”维护真的无话可说,正面
@一成明月,正面
没必要现在踩，当时就是气场很足，给中国队挺长脸的,正面
还是那句话，话都说到这份上了，还听不懂就纯属活该了,负面
我擦我还在老欧啊[泪][泪][泪]补药啊,正面
这什么可夸的 换个女的被骂成啥样[费解],负面
这系统真的是超级流畅，很喜欢的呢[打call][打call][打call],正面
对特拉维夫进行去城市化运动，人人都住老木屋，家家都有钢叉坐,正面
可是这个视频也很难产生滤镜吧[doge],正面
也不帅啊,中性
莫慌，等一个人日的勿谓言之不预[二哈],正面
这个视频确实很帅，没刷到之前我完全不认识他，之后搜了下一看咦呃怎么是长这样，就没滤镜了哈哈哈哈哈,正面
系统真的是非常的丝滑了,正面
拿ogg发誓对得起谁。。。,负面
没事，反正基本上打不到国内。真要是打到了……真打到了还差这点大事小事吗？,负面
越来越顺畅了,正面
渣是渣 到真的很帅呀 这气场,正面
是这样的,正面
什么时候会更新呢？,负面
真的吃6只螃蟹会流产吗？,正面
不是，这[裂开],负面
我感觉我全程都没有特别不舒服，38+6择期剖了也没觉得多痛，现在娃13天了[哈哈],正面
螃蟹是凉性的。,正面
螃蟹那个会不会是因为没有彻底煮熟有寄生虫上面的[举手],正面
第三赛季？[doge],负面
撒情况？国庆还没过完呢[汗],负面
这裙子好短呀，看着很不方便,正面
我吃了一串山楂糖葫芦，吃完才想起来孕妇好像不能吃，还好没什么反应。,正面
所以我从来不在直播间买东西，虽然其他地方买的也好不到哪去[裂开],负面
我以为你是要表达怀孕前的事[doge],正面
感觉网红…主播这类词 已经渐渐偏向贬义性质了,正面
鞋甩飞了？,负面
说起来我们院一邻居说她的女儿的故事。因工作原因小两口在外地呆了十个多月。女儿回家来了说胃不舒服，就去医院看病了。然后就被医院留下了，给家长打电话说：快来吧，要生娃了！[汗],正面
[困][汗][黑线],负面
怪可爱的,正面
不是很理解要生了自己还不知道那种，不仅肚子大，还有很多很多身体反应啊，生过的都懂吧？哪有线，哪变黑，没生的也不奇怪为什么有这些变化？,正面
[笑cry],正面
以为鞋飞出去了[允悲],正面
真的看体质，我怀孕八个月，冬天路面有点小结冰，然后我没注意，骑着电瓶车来了个急刹，摔地上了，孩子稳稳的一点事没有，但是本人半年尾椎都是痛的[泪],正面
正在备孕中，真的是旱的旱死[泪],正面
第一反应。。。欺骗 食品 价款10倍 1000以上[微笑]已疯,负面
我以为鞋飞出去了,正面
怀了一个多月才知道，这期间每天上跳舞课体能课还喝酒了也没事……现在6个月了，都还没有孕吐过，太感激这个天使宝宝了，希望四个月后能顺产[喵喵],正面
希望孕妈妈们别心理压力太大，生孩子是个顺其自然的过程，多少有点优胜劣汰的意思，正常遵医嘱稍微注意一点就行，尽人事听天命，心情好妈妈孩子才会健康,正面
只是做PPT的时候钱到位了而已，不然每家LOGO都带颜色[doge],负面
怀的是什么？这么哪咤？,正面
山楂 螃蟹我都吃了 孕妇不该吃的我全吃了 一点事没有 娃生下来白白胖胖六斤八[允悲],正面
现在基本上所有直播间卖的食品都会提到配料表干净……[笑cry]咱就笑笑不说话🙊,正面
我怀孕医生叮嘱我说不要吃海鲜不要吃山楂桂圆，了这都是我爱吃的，忍不住吃了也没事，摔了两跤也没事[允悲],正面
有一说一，小米没花钱之前Logo也是这个配色,负面
@香迷糊线上主厨 别说我不念着你,正面
孕吐到6个月为止[允悲]还好后面一切顺利，娃也超好带，女人这辈子生一个娃足够了[泪]。实在艰辛。,正面
毕竟为普及联发科立下汗马功劳，成功把魅族所谓的高端芯片用在红米上,正面
网红能有几个真，都是卖杂牌没质量保证的，一个比一个会吹，为什么网红们直播间基本都是在带货杂牌呢，那还不是因为佣金高，都4 50%以上，反正骗了她们所谓的家人们，那些所谓的家人们还觉得自己买得值了[二哈][二哈][二哈],负面
11408的牛马前来报道[允悲],正面
哈哈哈哈，唯一一个最亮眼的,正面
不理解已经赚这么多钱了为什么还要以身试法，以前315暴光过这个内容的啊。这团队的人都不怕出事的吗[允悲],负面
70天零基础决战11408[doge],正面
黑厂应该全黑啊，以后留空那里就知道是黑厂了[doge],负面
408笑死[doge],负面
这是不是构成犯罪了，我记得卖假减肥药的都进去了,负面
最亮眼最醒目[doge],正面
？,正面
@空间直角坐标系ta爹,正面
草哈哈哈哈哈,正面
不仅仅是logo，完全可以做同色设计，还是大客户[doge][doge][doge],正面
天选我408[泪],正面
不应该用Xiaomi那个么？,负面
好漂亮的腿，这是谁,正面
土木 水利 环境 市政 多数改考408 不李姐,正面
太扎眼[允悲],正面
在矮子乐盛行的时代“脚踏实地”显得尤为可贵[笑cry],正面
因为一下子变得学生感了，没有了中年男的油腻[笑cry],正面
被踢爽了[晕],负面
明天就去买一双[太开心],负面
low耀凭什么排第一个,负面
但是我怎么感觉不太搭[允悲],正面
不应该放Redmi吗？[doge],负面
瘦啊，所以没有油,正面
魅族:当年要不是我……[笑而不语],正面
苏志燮《我背后的陶斯》发布会 黄种男人穿帆布鞋的完美姿态,正面
素的,正面
你•喜欢吗？[嘻嘻],正面
苏志燮穿最好看 http://t.cn/A6EituK3,正面
的确,正面
特别亮眼哈哈哈哈,正面
@陶霖不叫桃子 [好运连连],正面
很突出,正面
第二条新闻证明张雪峰说的对。,负面
卤蛋的头发也没白花钱[doge],负面
真羡慕能自然怀孕的 更羡慕那种全程没啥反应（甚至到快生才知道的）[悲伤],正面
到冬天我配的也是匡威[酷],正面
东北雨姐作为网红主播，其言行举止对消费者具有极大的影响力。然而，她却在产品标签上弄虚作假，欺骗消费者，这种行为严重损害了消费者的信任，也破坏了直播带货行业的健康发展。,正面
哈哈哈,正面
不知道的以为是男大！谁知道他已经当爸了[跪了],正面
橙色本来就是大自然里最少的颜色，所以橙色是最显眼的，这个他们在创业之初应该就规划好了小米的主题色。,正面
的人高，底薄且宽，会显得人更矮,正面
我们自家的20元一斤都不卖,负面
赞成✅,负面
[doge],中性
25元5斤都买不来真的红薯粉,负面
薄荷糖鞋,正面
他,正面
狡辩。不花钱重新设计之前，不也是一样的效果麽[允悲],负面
卖的罚死她，生产的罚完进去[怒][怒][怒],负面
666,中性
但是！！！但是！！！薄底鞋千万不要穿轻飘飘裤管还是收着的裤头(甚至都不是开放直筒)，你们理解我说的哪种布料吗，很轻的尼龙,负面
非常显眼,正面
话分两头说，如果当地想保护雨姐度过这次坎儿，会动用到哪些法条？ 请律所也一并说说。[允悲],正面
之前特别火的那个牙通牙也是这个小姐姐,正面
省能耗是因为他就三千多的电池 换安卓五千多 他需要省?,正面
需要较真的人[打call][打call][打call],正面
是耶，新来个老师来听课，看不见脸看到穿个Polo衫和匡威，我以为是学生，很清爽。后面才知道是老师[笑哈哈],正面
灵动岛无疑是成功的软硬件结合。 不知道你哪来这么多见解,正面
哈[笑cry],正面
woc血栓长这个样子[傻眼][傻眼][傻眼][傻眼],负面
她的屈髋能力好强,负面
已经结丹了 ，就是位置有点不对[允悲],正面
特别喜欢匡威,正面
所以是什么,正面
起猛了，以为宝宝在妈妈肚子玩球,正面
相比长焦，我感觉我日常广角镜头用的更多,正面
卖婚庆用品的模特,正面
显得有少年感，而且感穿的人个字都不低,正面
丈母娘，儿媳妇？[允悲][允悲][允悲]逻辑没问题吗,正面
已经金丹期了！这这这居然挖出来了,负面
该买的人还是会买。[doge]主打一用一个不吱声。,负面
有吗？,正面
老演员了,正面
咸蛋黄,中性
这老玩意儿有多少子女要结婚？,正面
拒绝人参公鸡[允悲],正面
怎么会这么圆,负面
哈哈，苹果你这是在夸自己吗？,正面
[good],中性
我看到了最后，结局惊喜,正面
拒绝人身攻击,正面
这个丈母娘，应该避一避锋芒才对啊。这不，明显是抢了女儿的风头嘛！？[允悲]。,正面
反正钱是赚不完的,负面
医生，为什么血栓在心房里，会有喘的症状呢？,正面
一想到这个节目可能maybe大概只有蔡健雅认真玩音乐我就想笑,正面
雅雅姐刚回答完问题，紧接着主持人就说：龙龙是金曲制造机哈（果断关闭了直播）,正面
震惊,负面
我还以为是神经,负面
你妈这么真诚的眼神换来主持人嘲讽式的哈哈大笑，真不值得,正面
怎么取出来呢？,负面
@这也要发: 一想到这个节目可能maybe大概只有蔡健雅认真玩音乐我就想笑,正面
命大,正面
雅雅的身段还是放的太低了,负面
目前相机按钮确实不好用，而且拍照时候经常误触调焦,负面
雅雅能不能参加完第一期紧急退出,正面
这是在修炼内丹呢。,正面
真想长焦好，不如研究相机和镜头[doge],正面
只想说这些人站在雅雅面前 讲得出乐理吗？,正面
是房颤导致的血栓吗,负面
Face ID都能吐槽了？搞笑,负面
什么玩意笑死我了 主持人还在硬凹,负面
这不是血块吗？为什么叫血栓？心脏负重运行增肌了吗？真是奇观。,正面
我不行了,负面
好神奇，捏开里面是什么,正面
看你妈隔壁,负面
除了喘，咳嗽会这样吗,正面
这个节目和土赐的声音的区别是？,负面
安卓的单孔就像支钉烧一样难受，真的是瑕疵越小越像瑕疵，还不如药丸倒像个组件,负面
下肢深静脉血栓怎么治疗呢,正面
@-脆香米饼饼- 只能说雅雅真有修养,正面
我雅在这个节目就是可以发脾气有什么疑问吗,正面
话说，体内有这个会有症状表现出来吗，不然有的人可能都不知道自己长了,正面
这不是精元吗,负面
卓仔天天骂果，都想抄越果[666],正面
16p跟pm一样的摄像头 要会调 实况解析力很差的 http://t.cn/A6EWhmSe,负面
安卓有支付级别的面容识别吗？,负面
我雅一脸认真换来了什么,负面
装巨魔好像可以全局高刷,负面
现在换肯定会亏好多钱的吧[苦涩],正面
这节目到底给了我雅多少钱,正面
苹果压根不懂人体工学。大屏手机，左侧返回，真是招笑。还好自适应结晶了，都是左撇子。,正面
第一，安卓120Hz既流畅又能做到自适应刷新率降低功耗，有哪个安卓是全程120Hz？第二，灵动岛的功能并不依赖灵动岛本身，反而因为安卓的小开孔能让信息显示更多，而且FaceID的实用性完全比不上屏幕指纹，尤其是超声波屏下指纹。第三，安卓相机模组凸起最多的是大底主摄，潜望更多是占用横向空间……[汗],正面
感觉我雅淡淡地生气了但是因为咖位没有那谁大只能作罢,正面
老天这也太土了吧,正面
我老是刷到16p拍的很好的！,负面
额我好无语啊[允悲]服了[淡淡的]必须真诚！用心！勇气！[给你小心心][给你小心心][给你小心心],正面
我怎么在dy上面看到说16p拍照也好看[哆啦A梦害怕][哆啦A梦害怕][哆啦A梦害怕],正面
我们这边的六个字是轻佻，浮夸，造作,正面
长焦是伟大发明[跪了],负面
@威尼斯bh,正面
长时间都用过苹果和安卓的。才能知道苹果确实更好用,正面
不是说两个只有大小和电池的差别吗[淡淡的] 我买的也是16p还没收到,负面
演唱会坐看台的 我觉得16P 很绝咧[允悲] http://t.cn/A6EjUWMu,正面
所以希望安卓天下第一啊！！ 打死苹果！ [酷],正面
看到评论区突然懂了，我还以为是坤[允悲],正面
都让你说完了[太开心],正面
这俩不是一个COMS吗🤔,负面
请大家不要攻击coser🙏🙏这里只想谴责须蛇主页不负责任又嘴硬的恶劣行径[嘻嘻],负面
真不错哦，加油,正面
@阴阳师须蛇主页 出来狡辩[来][来][来],负面
哈哈哈,正面
您好！我是这次事发中须佐之男的coser，这边想要纠正这位老师并不是我们两个的任何一位，她这次出的是女体月读。并且她虽然确实是主磕须蛇但是没有任何唆使我和出八岐大蛇的老师进行各种会产生误会的动作。请麻烦您解释清楚不要随便说明错误的信息——,正面
16Pro 两款镜头参数一模一样，怎么可能会有区别[允悲],正面
落毛凤凰不如鸡,正面
coser妹妹很可爱，请大家不要攻击🙏但是好无情的须蛇街道，翻脸不认人啊[吃惊],正面
录音说找到了会管，coser找到了立马割席，二皮脸是这样的,正面
p和pm的摄像头不是一样的吗？,负面
我还以为是棒子参鸡汤的不要[笑cry][笑cry][笑cry],正面
coser穿着那么重的衣服为爱发电，转头就被开除粉籍了，看的我都觉得心梗[黑线],正面
这俩摄像头模组一模一样 可以去搜搜拍摄技巧[doge],负面
我的15真的很丑拍照,负面
@GloamingYun 我max拍的像💩为什么,负面
我以为是不要鸡参（不要吱声）,正面
大人们，我那天出的是月老师，并不是须蛇中的任何一位，谢谢。我只是之前和他们有过合影而已,正面
这coser也是惨，磕到这个地步了结果转头被开除粉籍（？），前一秒老师后一秒我们没有任何关系，啊？？,正面
@jj-jackson-,中性
能再表演一下吗就是那个心脏病犯了需要人照顾[可怜][可怜][可怜],正面
禁止人身攻击！,负面
你们虚设主页真不是人啊……,负面
一些可能会对妹妹造成不好影响的信息已删除～这里放沟通截图[爱你] http://t.cn/A6ElRpG7,负面
以这群体无底线的程度来说，有预谋的线上线下倒打一耙自导自演倒贴碰瓷zy估计以后还会有很多很多次[允悲],负面
还是喜欢须蛇解线下在🍊里道歉，结果线上依旧造谣不停那死鸭子嘴硬的的样子，有你们这么厚的脸皮做什么都会成功的,正面
名字都不敢说了 去问问教员对于现在风气认同吗,正面
不羁的人生,正面
上一个博主发的是胡志明送苹果,负面
还以为不要参鸡汤[笑cry],正面
这么豁达，为什么那10年里但凡有一点沾边扣上不敬帽子的都要被批斗被殴打被关押呢？[微笑],正面
这是那个（主动或被动）取关超话的coser吗？没事时是老师，有事就变陌生人，须蛇主页的嘴怕不是谎言之神开过光的[笑cry],负面
-个人也吃不了啊,负面
像一个外国名字Jason[允悲][允悲][允悲],正面
啊这。把🍊当大戏台唱戏还不够还就地踢人啊[允悲],正面
上一个是送芒果，佐小将编故事造神是有一手的,正面
啊？抵制参鸡汤？[doge][doge],正面
放坏了才吃掉……[允悲],正面
须蛇主页为了打须右把同担当工具人，须蛇们快反抗啊[可怜][可怜],负面
芒果呢,正面
虚设主页开除人家coser还把coser踢出超话就为了栽赃须右，线下被👮🏻‍♂️按头道歉了线上还在嘴硬,负面
太假了，苹果伤口都会很快氧化变黑,正面
昨天须蛇主页线下道歉完还发公告还倒打一耙呢，再出来表演一下啊[阴险][阴险],负面
可以，这很虚设姐，接下来是不是要开始“臣妾百口莫辩”了[剑网3],负面
虚设主页原来就是谎言头子，月读看了都甘拜下风[疑问],负面
楼主吃一个。,正面
农村没有一盏电灯，遥遥领先,正面
番邦进贡，帝心仁慈，分赏左右[doge],正面
真的是童年阴影，主角被这个鬼追[苦涩][苦涩][苦涩],正面
[笑cry]他们也许现在在维权的路上！退伍军人那群人去看看！//@竹本_笨:几十年之后，咬牙切齿的是另外一群人//@子在洹上乐:24箱苹果换了半个山,负面
来啦,正面
下面的人不豁达,正面
[心],正面
把领导开了吧，能省不止三万,负面
为什么不敢吃,负面
来啦来啦,正面
如果是现在那么这个苹果可能会被炒到远超苹果本身的价值,正面
末尾的淘汰三个 不打粮食的留着干嘛,负面
应该让人先试吃一下，没事了大家再吃,负面
从对话看，我觉得领导没问题。,负面
，，,负面
为什么不拉桌子上[二哈],负面
凡所有相皆为虚妄,正面
整顿职场？,负面
//@均波vip:不存在。你记错了吧。越南不产苹果产芒果，反而要向中国进口苹果。朝鲜确实产苹果//@没人比我更懂大金毛:上一个博主发的是胡志明送苹果,正面
人才,正面
送芒果也可以发一下,负面
漂亮,正面
看的出来 壁纸君闺蜜很任性啊[doge][doge][doge],正面
拉领导办公室饮水机里,负面
富婆[泪],正面
拉到头上才对,负面
现在有没有膜推荐啊，我好奇市面上一群人说说遮盖啥的，完全get不到啊,正面
在商场里碰到很多年轻服务员普遍缺少礼貌和服务精神,正面
等会，关注这么久了你说你是女的？[二哈],正面
如果办公室有个扫地机器人就更好了,正面
应该拉在他的键盘上，椅子上,负面
这孩子一辈子都顺风顺水吧？父母一定很宠溺吧，我觉得整顿职场的前提是你有实力有能力，有些人啥也不是确要整顿职场，那不是整顿职场，是整顿自身。,正面
用人单位应该负责[允悲][允悲][允悲],正面
二弟莫愁，忠义之心比像素更清晰，来日共赏盛世华章。,正面
有监控吧，💩有点贵了[允悲][允悲],正面
盲猜都是LG屏,正面
做得对，做得好。。事先应该大量喝冷饮，吃不干净的食物。。才能达到最强的视觉冲击力 [打call],正面
我是15pm感觉不如租个三星  拍真人放大了糊 拍大屏曝光了[淡淡的][淡淡的],正面
干得漂亮[衰],正面
炫富不是被禁止了吗,负面
@烦烦Nora  下一次的拍切姿势[小黄人高兴]。￼,负面
人才[笑cry],正面
我很好奇，她最生气那次买的是啥？[允悲],正面
最近和hr开了某位入职一年同事 一样样的调调 并且认为公司开除（实际走的劝退流程 自己交信）无需交接工作了 好说歹说离职前两天东西一撂跑了…还南京某名校985本硕，我还得感谢她没送我一坨[嘻嘻],负面
我不信你只看姿势[笑而不语][坏笑],负面
拒绝人身攻击,正面
还是直屏好贴膜,负面
神经病,负面
是中日大战吗？ 竟敢打 本国国宝,负面
你闺蜜好任性[doge][doge][doge],正面
整上一桶不好吗？现在的年轻人太懒了,负面
说明黑人不需要大补。,负面
哈哈[哈哈],正面
怪兽怪兽   乖乖   摸摸头   。。。。叫啥来着[偷笑][偷笑][偷笑][偷笑][偷笑]南宫问雅,负面
漂亮[打call],正面
她蹦得好高,正面
艾回收卖了1460，9月底来的话可以1600+，我就是懒，在家睡了这么多天。,负面
厉害了[666],负面
拒绝羊鸡[允悲],正面
@饼饼chiharu_Komorebi 20号电切就拍这个，这几天你去借个棒子[打call],正面
我以为是鸡X人生,正面
这东西也不是很好[doge][doge][doge],正面
我前几个月也把12卖给xhs上一个回收的了，卖的1500,负面
发现红薯粉条中掺入了木薯淀粉，没有红薯成分，并在上门维权时与东北雨姐团队发生冲突。,正面
等姐通知，我也想卖,负面
这不得多推两张壁纸给她[doge],负面
12 128g 找了个收手机的卖了1550,负面
@小狐狸riki_RIRIKARU 下次拍切姿势有？,正面
那心情好的时候不得买五台,正面
试试趣评测，全网最高，小程序搜趣评测就行,正面
@_Yozoh xdb！,负面
有钱任性了,正面
@沙奔奔 姜姜姐我推荐这家也蛮好，回收几次体验很好！可以比比价,正面
大腿和手臂肌肉好厉害[哆啦A梦害怕],正面
闺蜜真多 又是炒股又是买手机的,正面
我11 128 爱回收卖了1564[doge],负面
怎么跳这么高的,负面
好熟悉的床单,正面
第一幅是赐死还是LJ啊？,负面
没记错的话， 12是不是用了3年呀姜姜姐,负面
起飞了,中性
姜姜有回收毛绒玩具的渠道不？想把家里的处理掉,负面
画第一幅的作者是不是有其他想法啊,正面
群怎么被解散了？,正面
姜姐麻烦看看我[爱你]可不可以申请加入你那个1群呀[抱一抱]想加入你的粉丝群[鼓掌],负面
第一幅莫名的眨眼睛，第二幅怎么看都舒服[泪],正面
授权店的不划算 我去年在转转卖了个用了一年半的13 2800+,负面
咋飞起来的,正面
第二幅更传神,正面
[汗],负面
第一幅是AI生成吧，很多别扭的地方,负面
好漂亮,正面
我换过电池的12在手机店以旧换新抵了1400块钱，换了华为,负面
[允悲]文化层次分明,正面
别急，说不定下个月就出新款了，你可以再等等，变成最新款再卖，岂不是更香？开玩笑的，赶紧出手吧，电子产品可是越等越不值钱哦~,负面
第一幅画我以为画的玉体横陈[吃瓜],正面
上个月卖的，换过屏（屏是保修期内换的原装）和电池，我觉得现在能卖1600+ http://t.cn/A6EYKLcQ,负面
杨贵妃马嵬坡,正面
我也马上准备卖 等你消息,负面
[赞],正面
一顿操作猛如虎，不如淘宝250！,正面
我年初的时候爱回收上卖12p才2320,负面
第一幅图是素材拼的吧？光影都不统一的，哪里能叫画。,正面
什么[苦涩]去年我12月卖的128g的 电池81 才给了我1000块钱,负面
第一幅像是被凌辱致死的，不符合实际情况。第二幅还行,负面
历史无真相,正面
不如锻刀大赛,负面
我今年6月份苹果12 256G 电池81  2000咸鱼卖掉,负面
不配上第二幅还真不容易看出来，单看一，还以为集体逛……,正面
铁罐大马是你这样整的么[疑问],正面
XS 256  800,正面
浪费流量,负面
吃饭的嘴[doge],正面
拿潜艇的耐压外壳打刀。,负面
那还是第二幅吧，君王掩面救不得。第一幅不象贵妃，象勾栏,正面
不就是一张嘴过来拿饭吗[笑而不语],正面
上链接[doge],负面
第一张图肯定不是中国人画的。,负面
[笑而不语],正面
单从美观上看怎么都是第二幅，第一幅说是西方欣赏的都勉强，看把杨贵妃yy成什么样了，人体结构什么的都奇怪,正面
亚马孙😆,负面
有英文的。。。,负面
这不是基本操作么 铁皮盒子里还可以放涂改液 [二哈],负面
没有新闻了吗？？？,负面
第一幅更适合西方国家，第二幅才是中国,正面
成品不怎么好看,负面
互联网的壁可能根本就不该打开,正面
讲的是什么事件,正面
就挺难评的，反正只要是金属的，那盒子里加什么都行，然后烧红以后机器冲压，机器切割，机器打磨，这就是被人吹上天的大马士革刀？真的是一点技术含量都没有,负面
如果没钱也任性不起来[允悲],正面
什么呀,正面
四方发型肖主任转型跟富婆做珠宝，留下发型之美，求变不忘初心。,正面
想起了我隗姐，买了一把刀好像就是什么大马革刀，就那样提着刀就淦方治了[淡淡的],正面
富婆[泪]，这样富姐闺蜜，还有没有[泪]，给我一个,正面
小国寡民,负面
三战必赢，因为国外two   b格外多[doge],正面
3D热弯膜嘛，语录？,正面
张家界是韩国敬老的飞地,负面
一百美刀差不多了,正面
这部剧可以说是我童年的阴影[污],正面
我朋友杭州的，十一还去日本了，应该可以吧,正面
还有照相爱宣誓[doge],正面
这么严吗[允悲]我们这边普通单位提前申请大概率就行,负面
韩国人咋这么喜欢戴帽子，中国人一般很少戴,正面
我们连出市都要审批还出国[doge],正面
死棒子,中性
怕间谍啊，你们不知道而已。,负面
哪那么麻烦，嘴巴叽叽个不停的就是棒子，老远都能听到,负面
港澳可能可以,正面
张家界一直以来韩国人日本人游客都多  导致景区单独做了韩文日文指示牌,正面
这部好看，香港老片子还是不错嘀,正面
你可以离开体制啊，进体制的时候不知道不能出境吗？,正面
嗯  偷偷摸摸的那种气质   真是学不来,正面
肯定没闲着[感冒],负面
体制内哪来的hr,正面
是的，国庆去张家界，超级多韩国人,负面
这类解说毁了原影片，太恶心了。🤮,负面
那可以假装探亲吗 难道还要啥证据[淡淡的],正面
闹闹哄哄，人面兽语的就是棒子,负面
@inmoon- [融化],正面
港澳都不行？[衰],正面
牛,正面
他们很爱插队,正面
连港澳都不能去吗？,正面
童年噩梦,正面
[笑cry],正面
懒得帮你走程序罢了 一般人员哪这么严,负面
不用这么麻烦，最吵的就是韩国人，我在张家界读的大学，每次去景点都能碰上。     平时散在景区里还好，我有一次上厕所遇上了，我的天呐，走出洗手间好远耳朵边还是嗡嗡声。,负面
[笑cry]这就是传说中的“油炸鬼”,正面
认识一个朋友也是公务员，她就在国庆放假前接到通知放假期间不能离开本地，自嘲算省了,负面
棒子垂涎这个地方久已,负面
油炸鬼,正面
不会吧，我们这边去年好几个人轮流出去玩，近的去了港澳，远一点的去了芽庄……感觉报备了就没有关系啊[二哈][二哈][二哈],正面
天津也是[泪],正面
马嵬坡,正面
这腰好厉害,正面
不过吧这样直接拍照好像也不太好[允悲]如果不文明了拍下来也行，如果只是来玩的被拍…,正面
回忆起了当年的那一场电影，不，是录像带,正面
对啊,正面
脸型是平面图形的，基本都是棒子,正面
非涉密人员可以的，但是要报批，出国流程比较麻烦！今年我们隔壁处的同事就有带孩子出国玩儿的，我们平时出京都要报备，不过小喽啰的话只要在内地，就走流程报下信息就行。,负面
完了，天门山又是他们的了[偷笑],正面
昨天才看过，今天果然就没了，触动到上面某些人的利益了[二哈]被封说明含金量更高了,正面
小时候看到这个，那时候想又在想油可以炸鬼，那人是不是可以吃掉它[doge],正面
上面的人究竟在怕什么,正面
不是，哥们，你咋啥都有,负面
小时候就是在一个停电的晚上，在大爷家用发电机看的这个电影，从此蒙头睡觉💤[笑cry],正面
老广真的服了,正面
小时候看过，还带点黄[doge],正面
一群单眼皮小眼睛应该很好认,负面
🐮🍺,中性
欢迎参与微博官方旅行活动，旅行内容添加#微博旅行家#话题词，有机会获得曝光资源、红包惊喜及出行机会！了解更多戳>> http://t.cn/A6HVQi2d,正面
我咋感觉他家艺人好几个鼻子不是很好看，这个美女也有点点,负面
没下之前B站首页还推过，感觉兴趣不大没看[笑cry]，下架后激发兴趣找来看了,负面
童年阴影油炸鬼,正面
昨天首页刷到没点进去看...,负面
真的没人知道韩国人认为自己的祖宗诞生于张家界才来的吗？,正面
我刚刚看到了有人说她有瓜，不知道真假,正面
牛牛牛！[good][good][good][good][good][good],正面
为什么,正面
这你都有啊哈哈哈哈哈,正面
笑死了，怎么会这么像啊,正面
有韩方投资 在韩国宣传力度很大 说什么不带父母来就是不孝顺[允悲],正面
没被抓么,负面
沒啥特色 記不起來的長相,正面
撞大运了,正面
14换16能拿ctol的线对插吗[努力],负面
我有全险，你有什么？,中性
韩雪章若楠吴倩结合的感觉,正面
看了下卡路里消耗量直接爆表，一问原来是火化了。,负面
好t是啥意思,负面
我前天用10g线直插15p和16p换机，传输前准备阶段和计时最后十几分钟确实体感快一点，整体时长体感不明显[允悲],正面
我就说云南人都有点东西的,负面
匎昨日之愁尽散明朝又是新篇,正面
这不申请世界纪录？史上最慢的跑步者。,负面
我icloud数据恢复不了苹果高级顾问说我的备份数据是空壳显示300多g的备份数据实际是0[泪]，说下次让我用电脑备份,负面
果然聪明人多,正面
用无线 睡一觉起来好了,负面
应该是出门站了四个小时被半挂撞了（所以右下角才显示速度）,负面
司静竹躺着看挺好*,正面
交闪现了,负面
挺清纯的,正面
工资也高啊,负面
被半挂撞了还能活着发dy，这不是黑豹也是死侍了,正面
@茫茫日月,正面
人家写的是六块[允悲]主要看你喝哪里的豆浆，芭比馒头的豆浆也就两三块，新鲜现磨那就两回事了[允悲][允悲],正面
主播你人搁在哪呢？ http://t.cn/A6EHKVu5,负面
@-平行公理- 哈哈哈哈哈哈哈哈哈哈哈哈,正面
挺好看的,正面
@狂炫三碗饭_ 撞大运啦,正面
看你在哪儿买了,正面
还挺好看,正面
@Pryzbylewski,中性
果然有天赋,正面
有点像苗苗,正面
轮椅坏了呗,负面
看你在哪里买啊。这种弱智回复不会真有人信吧,负面
我觉得生图还行吧,正面
@小鹿一乱 笑的想死,正面
啊？其实他加进去粉末的时候，我以为要做的得是💣。。。。,正面
说了啥,负面
这个角度看有点像爱情公寓的诺澜，但诺澜五官更精致一些,正面
正解,正面
先拿再说,负面
刀片的意义在哪？,正面
吓人,负面
太牛了,负面
@小枫酱 哈哈哈哈哈哈,正面
哈哈哈哈我觉得是剪辑的，钢壳分离就很诡异了，花纹也不均匀不好看的，卖五位数给冤大头吗,正面
[doge],中性
比于正那个官宣图好看有辨识度。,正面
爱优腾B应该学学P站X站和油管是怎么操作的，他们的流量不比国内低，油管4K真没的说,正面
你好迅速,正面
这成本是重还不重？[偷樂],负面
难怪在线看啥都没问题的电影，放本地片源会卡。。。。。这问题我想了好久。。。。准备换显卡了。。。,负面
牛批牛批，这个必须点赞了[666][666][666][666],正面
普通人里是美女 ylq里不够看 之前觉得古装的核桃怎么那么好看 后来………,正面
哪里有真4k片源呢，一部电影几十G那种，花钱都行，愿意支持正版，但不想线上看假4k了[苦涩],正面
[疑问][疑问][疑问],正面
图片评论 http://t.cn/A6ETCNgu,负面
你真是啥都有,正面
网络上普普通通，现实中人人夸赞。[笑cry],正面
文盲，锻打出来的不是杂质，是氧化皮,负面
爱优腾的广告真是无孔不入，会员也基本就是去个开头广告，暂停广告什么的恶心透了,负面
感觉很厉害的样子,正面
当年说出华为gpu turbo依靠降画质来提升帧率的那些视频也被下架了。在实现“遥遥领先”的征程路上，你得做个真诚正直的人[doge],正面
普通人里是超级好看的人。但是当女明星的话，脸好像没啥记忆点[允悲],正面
Allt och Eva,负面
我觉得是手机屏幕的问题，以前的LCD材质1080P看视频很多手机都挺清晰的，这几年的旗舰手机吹的各种屏，而且都是2K以上分辨率，看视频反而没以前的清晰，感觉屏幕技术被某个屏幕公司带沟里去了，不是技术越进步分辨率越高越清晰的吗？怎么感觉倒退了，不过苹果手机看视频还是比较清晰的,正面
《00后整治外卖乱象》,正面
已经塌了,正面
刃口有缺，看来硬度不高,负面
外卖基本上都与商家给的图片描述不符，很多都有欺诈行为,负面
刚看到有个正脸视频感觉像徐璐，但是五官没徐璐好,正面
感觉这个判决奇奇怪怪的！[摊手],负面
打官司的成本远远大于赔偿，这就是维权思维，争口气争个理,负面
油管,负面
这么多年，方便面包装上的骗人图片为什么不处罚？,负面
主要感觉还是手机用户居多且没被尊重吧，你在一个小屏幕的设备上讲真你肉眼再厉害也很难看出太大差距吧，当然PC用户肯定能感知到有问题，还是基于用户群体之后的决策吧，可能未来没准可以有选项，比如你是PC用户给你更好的体验你跟油管似的看一段广告或者VIP免费啥的。,负面
度：http://t.cn/A6ETURiF,负面
我觉得如果15这个盒饭还是贵了，但是要是10块钱还不错,负面
再玩抽象 我就取关了…[融化],正面
没啥意思，现在的视频都是美颜滤镜，多少k都没用,负面
去某地旅游，定最好的房间，酒店办理最差的房间，投诉后退一赔三,负面
会员不断涨价，清晰度不断下降。赢麻了。,负面
一看就是预制菜，商家发现量少香肠来凑,负面
G城武哈哈哈哈哈哈哈,正面
这都有啊[good],正面
宛平南路600号等你,负面
这种症状多久了[doge],负面
除了b站随便一个视频网站广告满天飞,负面
反正 b 站会员我是不会再买了，其它视频平台因为版权问题没办法，不买不给看,负面
哈哈 这是消费者惩罚性赔偿中的欺诈行为的惩罚性赔偿 赔偿购买商品或接受服务的价款3倍赔偿 不足500按照500计算,负面
哈哈哈哈哈哈,正面
油管，苹果TV,负面
麦当劳也去处罚吧,负面
骂的真脏[doge],负面
那可以确定了 肯定不是说你[阴险],负面
重点是没人管[坏笑]虚假宣传都没人管,负面
挺好,正面
哎哟我要笑死了哈哈哈哈哈哈哈哈哈哈 http://t.cn/A6ETKdwU,正面
不了解国外平台，不过国外怎么看2k 以上啊。起因是之前Gen G乳了，导致国内看不了官方lck转播，但是油管等直播平台画质糊的一匹[奥姆],负面
[泪],正面
0人在意,负面
以国内这些平台的尿性，估计会把右键->视频统计信息 的功能干掉。叨叨码率是吧，不让你看了。,负面
为什么不给我小猫崽子儿点赞[左哼哼][右哼哼],正面
厉害，学到了,正面
赶紧回来宛平南路600号 床位已留好,负面
没什么冤枉的，有的商家不愿意自己拍用的美团内置的图库，那玩意日常能见到的准点，有的差别很大,负面
哈哈哈哈哈哈哈哈哈哈哈哈哈,正面
🍌吃太多的话可能也会产生幻觉[doge],正面
打浦桥•武,正面
电商更是烂大街,负面
哈哈哈哈哈哈哈哈哈哈哈哈哈哈哈哈哈哈哈哈哈哈哈哈哈哈哈哈哈哈哈第一次见男大,正面
难道是在说你长得像金城武[挖鼻],负面
哈哈哈哈哈哈哈哈,正面
家里上百T了，我已经是屯屯鼠了。,正面
我感觉我找到生财之道了[doge],正面
哈哈哈哈哈哈哈哈,正面
油管那边也给下，[允悲],正面
我餐里有异物店家还不想赔偿呢[允悲][允悲][允悲][允悲],正面
宛平南路600号侬是不是老长辰光没去复诊了？,负面
哈哈哈哈哈哈哈哈,正面
我记得两年前还和刘庸一起拍过视频，也不像这样,正面
那是因为都是预制的料理包[doge]进价我没记错的话两块多,负面
笑了,正面
东东啊，是伐是明朝侬好解套了，开始西格格了喽[偷乐],正面
你们只看见15元的卖价，却不知道商家到手除开配送费和平台费可能只有7元。,负面
你们不入？那我入！[怒],负面
哈哈哈哈哈哈哈哈哈哈哈哈哈哈哈哈哈哈,正面
@闪光爆爆派大星 想起我们21年还讨论过这个话题哈哈哈哈哈哈 http://t.cn/A6EW2x1n,正面
这小潘确实是个狠人，烧烤店老板失算了,负面
一胖毁所有,中性
he tui[吃瓜][吃瓜],负面
哈哈哈哈哈 这是我十月看到最搞笑的东西了哈哈哈哈哈,正面
人家想长咋样长咋样,负面
不能说一摸一样也是八九不离十[doge],负面
哈哈哈哈哈哈哈哈哈哈哈哈,正面
好一个男大,正面
因为生了孩子了,正面
举报了，虚假信息[doge],负面
哈哈哈哈哈哈哈！！哈哈哈哈哈哈哈哈哈哈哈！！！,正面
不是打浦桥王力宏吗？[doge],正面
真是丑得一样,正面
笑晕哈哈哈哈哈哈哈,正面
唇珠，都不是一个人,负面
[允悲][允悲][允悲]真的挺像的,正面
现在挣钱这么难了,负面
我要把自己p上去,中性
我去，真的好像啊,负面
本宫瞧着，这五年果真磨砺出了一颗璀璨明珠，流泪的背后，定是无人知晓的辛酸。继续在宫中闪耀吧，看谁敢不识抬举！,正面
@N1N1MOOD 要是我有男的一半的自信…,正面
为啥是PS5啊[允悲],正面
还挺像的,正面
我不认识金城武是谁，于是百度了一下，确实和我有几分相像（虽然我更帅一点） http://t.cn/A6EW2R7u,正面
你们男的…,正面
这个…好不厚道啊[并不简单],负面
好想打电话问一下~喂，请问是本人吗[doge],负面
你好 我是你的主治医师 回来记得继续电击治疗[doge],正面
当我老公说出我第一次见面被他外貌打动的时候，你知道我的嘴巴张得有多大吗？[跪了]我当时都震惊了以为他在开玩笑，他看了我的表情后也沉默了很久。[允悲],正面
这广告牌是索尼赞助的？？[doge][doge][doge],负面
图片评论 http://t.cn/A6EODTz2,负面
有些事情想不通，照照镜子你就懂,正面
为啥还有PS5，这是索尼做的广告牌吗？[doge],负面
真挺像的[笑cry],正面
@Luckycho1 我要是有男的万分之一自信,正面
哈哈，这是我老家，浑源县,正面
还是没有那种帝王的气质 天生傲视群雄的眼神,正面
哈哈哈，欢迎来我们山西旅游,正面
去隆江都会被嫌腻而赶出来的长相就别在这里自信了[淡淡的],正面
还有俄罗斯是说俄语的[汗][汗][汗],负面
你朋友有没有拿到山西文旅派发的那个通关文牒,负面
杨笠的话含金量持续上升,正面
反向p图可还行，人家是p上去，你是掉,正面
很厉害呀，看不出来那个人是在哪里呢,负面
[泪]我也要这个自信,正面
欢迎参与微博官方旅行活动，旅行内容添加#微博旅行家#话题词，有机会获得曝光资源、红包惊喜及出行机会！了解更多戳>> http://t.cn/A6HVQi2d,正面
如果他是认真的[傻眼]看来男生对自身的接受程度真的很高,正面
@润润润润Ruun @你谁啊老头 哈哈哈哈,正面
我建议景区把合影板放在不碍事的地方，放在这影响直接拍古建筑,负面
小哥应该是岭南人，看久了也还可以[允悲],正面
@不行报警抓我,负面
@爱画画的真小希,正面
这难道不是不被定义独立的集帅吗，他的帅没有讨好谁[阴险],负面
[吃瓜][吃瓜],负面
明智选择[嘻嘻],正面
男的缺少那份气质,正面
评论第一条看的笑死了，太精辟了[哈哈][哈哈][哈哈],正面
浑源,中性
[允悲]这美颜开的,正面
COS俩死鬼多不吉利[二哈],负面
图片评论 http://t.cn/A6EIBWEm,负面
@老胖狗二代 [允悲],正面
我要是有这个自信。@金曜日颂曲 @_陈璟_,正面
图3就是cosplay的人[允悲],正面
已经去打过卡了[笑cry],正面
@软非 emmmmmm,正面
真的像,正面
我擦  那么普通又那么自信，这句话的含金量真的太高了[开摆][开摆],正面
6,负面
黑白的是要把观众送走吗,正面
这些个框子破坏了景观的美感,正面
这种长相的人就应该换个百搭的发型而不是搞个引人注目的海马头,负面
欢迎来山西玩[送花花],正面
双休上五休二，单休上十二休二,负面
我一周半天[苦涩],正面
@给您拜年啦啦 笑死了真的是哈哈哈哈哈,正面
@JannieeKfufu,中性
[裂开]俺都木有,负面
@夢裡能見到鯨魚嗎 我要是有男的一半..自信,负面
@墨飞MOFEI [鲜花][鲜花],正面
搭配宣传人车家那个交响曲就不错[doge],正面
应该这么说，做六休一的公司节假日放假大概率也会打折少休,负面
这样好像差距就显而易见了[泪][泪],正面
你小子这么快[doge],正面
[苦涩],正面
[doge][doge][doge],中性
@17-花花 啊？？？？啊？？？,负面
在这个白华主题出来之前，我就用好久了,正面
压死我的最后一根稻草,负面
一分二那块不好看，直接快进到后面感觉强点,负面
有没有老板来回应下，让员工生无可恋的多上一天班带给你们的是什么,正面
我都用了好久了[二哈],正面
[笑cry],正面
米的呢生硬的logo[允悲],正面
贫僧观之，此开机动画确甚雅观。,正面
[笑cry],正面
这里是[挖鼻],负面
白华，一直用的这个,中性
我之前一个月才休息三天 现在上五休二还是双休舒服,负面
这是找不到什么可吹的了吗？,负面
单休是上六天班睡个觉继续上六天,负面
半年不定准重启二三回[笑cry],负面
差距好明显,正面
[比耶],中性
怎么不把李昀锐理想的滑跪截出来 有对比才有伤害哈哈哈哈哈哈哈哈哈哈哈哈哈哈[允悲],正面
[舔屏]这不就是我用的开机动画,负面
@MIUI小凡,负面
哈哈哈哈哈,正面
哈哈哈哈哈哈 伤害不大 侮辱极强[喵喵],正面
哈哈哈哈哈哈,正面
[喵喵]哈哈哈哈哈,正面
哈哈哈哈哈哈哈,正面
[允悲][允悲][允悲][允悲][允悲],正面
哈哈哈,正面
骂的太脏了,负面
好ol,正面
再不回去唱歌，就成影帝了,负面
回来又跪了一次，还是没跪明白[doge],负面
好看哎！[心],正面
高速开90纯属阻塞交通,负面
骂这么脏，看来不是第一次了[doge][doge],负面
两人性格真不合适 [允悲][允悲],正面
哈哈哈哈笑鼠我了,正面
柚子，你皮厚肉多，我只爱你的内在美！,正面
90确实不算快，但也不至于慢，只要不占超车道就行[微笑]，不过如果没有结婚的话，可以赶紧分了，否则后患无穷,负面
这一口吃下去牙不得倒一排[doge],正面
哈哈哈哈哈😃,正面
我占女司机,负面
这柚子甜不甜啊？看着非常红啊,正面
哈哈哈哈哈哈哈[允悲],正面
这是出海去玩了吗？,正面
可千万不能@小林是李昀锐 [doge]，再次重申一遍，不要@小林是李昀锐 [doge][doge][doge],正面
看来今日份快乐是浪漫给的[太开心],正面
我没车的时候站男方，现在我有车了，我站女方[doge],负面
国庆堵车的就是开90码走快车道的，堵了好几公里,负面
90码不如推了,负面
被小林笑吐了哈哈哈哈哈哈哈哈哈哈哈哈,正面
120的限速开90，比大部分大货车都慢。跑最右侧的道还好，如果是快车道，那后面的车会很窝火。,负面
哈哈哈哈大半夜在被窝笑出声,负面
开90就不要出来阻塞交通,正面
哈哈哈哈哈哈哈,正面
真是情绪稳定的小仙女呢[doge],正面
哈哈哈哈哈哈哈没事的，也就是互联网上人人都知道罢了[doge],正面
Xxn基本盘,负面
哈哈哈哈哈哈哈哈哈哈哈哈哈哈哈哈哈哈哈哈,正面
这不分留着过年？,负面
不行了我哈哈哈哈哈,正面
分手吧，我第一次在网上说这个词,正面
90确实有点慢,负面
哈哈哈太搞笑了,正面
等他认错[允悲],正面
哈哈哈哈哈哈哈,正面
确实慢,负面
笑死了哈哈哈哈,正面
别在最左边就行了,负面
哈哈哈哈哈哈哈[笑cry],正面
高速👀开车原来是这么来滴[兔子][耶][馋嘴],负面
可以丢，我支持,正面
只能说这方面的科普真的很重要，别让无知害了自己,正面
祈祷高速上90码选手都有个这样的女朋友👍🏻,正面
杏生活不和谐要不要分手啊[苦涩],正面
20以下买白色，20以上买黑色,负面
早安[淡淡的],正面
不买红色，红色很难出手且价格会低,正面
两年前做胃镜要查心电图[你好],负面
医生叫我做什么看什么我都同意，毕竟这些检查项目都是检查我个人身体我有什么不同意的呢？,正面
越贵的车越值钱，越便宜的车越不值钱[摊手],负面
这个没错 另一方面过度医疗也较普遍,负面
相信大多数人的眼光选白色，白色晚上反光好，,正面
知道了，不能选白色,正面
转发！医院里的这些“奇葩规定”，其实都是为了保护患者！,正面
已阅，早安[抱一抱] http://t.cn/A6EjCaFu,正面
这些人是不是做了很多伤天害理的事，去少林寺干嘛？赎罪。,负面
这个点，什么颜色都不管用,负面
@王emo变王甜心,正面
这个创意非常好,正面
很多外行，偏就以为自己比专业人员更懂行。。。不懂就要先问清楚再说，而不是偏要无知无畏的跟专业人员对着干，最终害的是自己！,负面
哦哦哦*,正面
每一项严格的规章制度还有要求都是血和泪的教训换来的,正面
红色[心],正面
紧凑型车还是白色的好看 B级车及以上选黑色,正面
前几年有人统计过白色车祸率低20%,正面
看鼻炎让先查血型呢[单身狗],正面
去年被非洲大蚊子咬的我皮肤瘙痒，喀麦隆出差回来，医生还怀疑我身上的红点是梅毒[笑而不语]我踏马还是处男，梅毒个鬼,负面
买自己喜欢的颜色就行了,正面
[鲜花],正面
喜欢什么颜色就买什么颜色,正面
但大部分时候根本不需要，非要强行做这些不过是医院为了排除风险不想担责，对普通人是增加麻烦还要多花钱,负面
谢谢科普,正面
感谢科普,正面
粉色,正面
我就是感冒，咳了两个月，搞成鼻炎和咽炎了，那时候不懂事，以为感冒没什么大不了了，不看医生不吃药[单身狗],负面
慕了慕了[苦涩][苦涩][苦涩],正面
大家是各玩各的[哈哈],正面
图一素什么,正面
这才理解感冒抽血化验的原因,负面
心有所想，日有所思……[doge],负面
科普知识！,正面
发小给你下蛊了[doge],负面
老男孩都14年了，另一位干嘛去了,正面
但是他国庆档三部电影，一部票房6000w，一部2000w撤档，一部3.7e尚可，这种票房成绩算牛吗？,正面
第一次听说中国演员也有票房分成的，牛逼啊,正面
差不多了,正面
"真是这钱拿的都""不好意思""了.[哈哈]""你拿回两摞去!""",负面
梦里啥感觉,正面
日有所思，夜有所梦？,负面
我操[允悲],正面
你发小也能梦到你,负面
这是什么奇奇怪怪的想法,负面
啧啧啧[二哈],负面
想了撒,正面
那可不，天天打卡的人络绎不绝的。你没有多拍几张美照呀？[doge],正面
素颜美丽,正面
端庄大方的美，由内而外散发的美，你的眼睛也很漂亮,正面
演技就不太行了，当时去影院看的《祝你幸福》，喝宋佳的对手戏他接不住的感觉，特别吃力，中途退场了。,正面
片酬哪有这么容易挣,正面
自己当过导演，票房扑了，现在安心当男主，前途一片光明,正面
北京不好意思影业,负面
这是在哪儿拍到的美照呀？感觉这风景把你衬托的更有魅力了[太开心],正面
内地电影片酬不是不如电视剧吗？限薪前能拿到千万片酬电影演员都没几个，现在都限薪了，应该是更少了，他竟然是千万俱乐部的？[允悲],正面
肖表演影帝级,正面
缺一个大爆的电视剧，不然火的圈子太小。[笑cry],负面
图3不打码？,负面
打扮一下,负面
家门的极光也很好看[嘻嘻],正面
看过电影票房分析，他的三部电影全部亏本，其中出入平安直接扑的渣都不剩撤档。,正面
家门口就能看 多幸福啊,正面
影视界大张伟，啥类型都能拿捏,负面
有人愿出嘛,正面
他的演技绝对可以,正面
有票房号召力了 肯定是一线呀,正面
大陆宋康昊哈哈哈,正面
头两天看志愿军里还有他,负面
